sigungu,well_count,groundwater_well_count,drilling_developed_well_count,unknown_well_count,total_pump_capacity,pump_capacity_valid_count,well_depth_sum,well_depth_valid_count,public_like_well_count,record_used_count,source_zip,source_type,year,snapshot_score,avg_pump_capacity,avg_well_depth,well_count_index,pump_capacity_index,well_support_score,well_shortage_score,well_support_level
천안시,1,1,0,0,150.0,1,210.0,1,1,1,gdb_well_info_new_20231231.zip,groundwater_well,2023,20231231,150.0,210.0,0.0659195781147,34.88372093023256,13.993040118961844,86.00695988103816,낮음
공주시,1517,1517,0,0,212.0,8,45454.0,1517,5,1517,gdb_well_info_new_20231231.zip,groundwater_well,2023,20231231,26.5,29.96308503625577,100.0,49.30232558139535,79.72093023255815,20.27906976744185,매우높음
보령시,1,1,0,0,0.0,0,80.0,1,1,1,gdb_well_info_new_20231231.zip,groundwater_well,2023,20231231,,80.0,0.0659195781147,0.0,0.03955174686882,99.96044825313118,낮음
아산시,6,6,0,0,30.0,2,180.0,6,0,6,gdb_well_info_new_20231231.zip,groundwater_well,2023,20231231,15.0,30.0,0.3955174686882004,6.976744186046512,3.028008155631525,96.97199184436847,낮음
서산시,2,2,0,0,65.0,2,43.0,2,0,2,gdb_well_info_new_20231231.zip,groundwater_well,2023,20231231,32.5,21.5,0.1318391562294001,15.11627906976744,6.125615121644617,93.8743848783554,낮음
논산시,2,2,0,0,35.0,2,47.0,2,0,2,gdb_well_info_new_20231231.zip,groundwater_well,2023,20231231,17.5,23.5,0.1318391562294001,8.13953488372093,3.334917447226013,96.66508255277398,낮음
계룡시,0,0,0,0,0.0,0,0.0,0,0,0,gdb_well_info_new_20231231.zip,groundwater_well,2023,20231231,,,0.0,0.0,0.0,100.0,낮음
당진시,0,0,0,0,0.0,0,0.0,0,0,0,gdb_well_info_new_20231231.zip,groundwater_well,2023,20231231,,,0.0,0.0,0.0,100.0,낮음
금산군,44,44,0,0,24.0,1,933.0,44,0,44,gdb_well_info_new_20231231.zip,groundwater_well,2023,20231231,24.0,21.204545454545453,2.900461437046803,5.5813953488372094,3.9728350017629657,96.02716499823704,낮음
부여군,3,3,0,0,40.0,2,58.0,3,0,3,gdb_well_info_new_20231231.zip,groundwater_well,2023,20231231,20.0,19.33333333333333,0.1977587343441002,9.30232558139535,3.8395854731646,96.1604145268354,낮음
서천군,0,0,0,0,0.0,0,0.0,0,0,0,gdb_well_info_new_20231231.zip,groundwater_well,2023,20231231,,,0.0,0.0,0.0,100.0,낮음
청양군,1,1,0,0,0.0,0,70.0,1,1,1,gdb_well_info_new_20231231.zip,groundwater_well,2023,20231231,,70.0,0.0659195781147,0.0,0.03955174686882,99.96044825313118,낮음
홍성군,20,20,0,0,430.0,11,1265.0,20,10,20,gdb_well_info_new_20231231.zip,groundwater_well,2023,20231231,39.09090909090909,63.25,1.3183915622940012,100.0,40.7910349373764,59.2089650626236,보통
예산군,0,0,0,0,0.0,0,0.0,0,0,0,gdb_well_info_new_20231231.zip,groundwater_well,2023,20231231,,,0.0,0.0,0.0,100.0,낮음
태안군,0,0,0,0,0.0,0,0.0,0,0,0,gdb_well_info_new_20231231.zip,groundwater_well,2023,20231231,,,0.0,0.0,0.0,100.0,낮음
천안시,1,1,0,0,150.0,1,210.0,1,1,1,gdb_well_info_new_2024.zip,groundwater_well,2024,20240101,150.0,210.0,0.0657462195923734,34.88372093023256,13.992936103848448,86.00706389615155,낮음
공주시,1521,1521,0,0,212.0,8,45574.0,1521,5,1521,gdb_well_info_new_2024.zip,groundwater_well,2024,20240101,26.5,29.96318211702827,100.0,49.30232558139535,79.72093023255815,20.27906976744185,매우높음
보령시,1,1,0,0,0.0,0,80.0,1,1,1,gdb_well_info_new_2024.zip,groundwater_well,2024,20240101,,80.0,0.0657462195923734,0.0,0.039447731755424,99.96055226824456,낮음
아산시,6,6,0,0,30.0,2,180.0,6,0,6,gdb_well_info_new_2024.zip,groundwater_well,2024,20240101,15.0,30.0,0.3944773175542406,6.976744186046512,3.027384064951149,96.97261593504884,낮음
서산시,2,2,0,0,65.0,2,43.0,2,0,2,gdb_well_info_new_2024.zip,groundwater_well,2024,20240101,32.5,21.5,0.1314924391847468,15.11627906976744,6.125407091417825,93.87459290858216,낮음
논산시,2,2,0,0,35.0,2,47.0,2,0,2,gdb_well_info_new_2024.zip,groundwater_well,2024,20240101,17.5,23.5,0.1314924391847468,8.13953488372093,3.3347094169992206,96.66529058300078,낮음
계룡시,0,0,0,0,0.0,0,0.0,0,0,0,gdb_well_info_new_2024.zip,groundwater_well,2024,20240101,,,0.0,0.0,0.0,100.0,낮음
당진시,0,0,0,0,0.0,0,0.0,0,0,0,gdb_well_info_new_2024.zip,groundwater_well,2024,20240101,,,0.0,0.0,0.0,100.0,낮음
금산군,44,44,0,0,24.0,1,933.0,44,0,44,gdb_well_info_new_2024.zip,groundwater_well,2024,20240101,24.0,21.204545454545453,2.8928336620644317,5.5813953488372094,3.9682583367735424,96.03174166322646,낮음
부여군,3,3,0,0,40.0,2,58.0,3,0,3,gdb_well_info_new_2024.zip,groundwater_well,2024,20240101,20.0,19.33333333333333,0.1972386587771203,9.30232558139535,3.839273427824412,96.1607265721756,낮음
서천군,0,0,0,0,0.0,0,0.0,0,0,0,gdb_well_info_new_2024.zip,groundwater_well,2024,20240101,,,0.0,0.0,0.0,100.0,낮음
청양군,1,1,0,0,0.0,0,70.0,1,1,1,gdb_well_info_new_2024.zip,groundwater_well,2024,20240101,,70.0,0.0657462195923734,0.0,0.039447731755424,99.96055226824456,낮음
홍성군,20,20,0,0,430.0,11,1265.0,20,10,20,gdb_well_info_new_2024.zip,groundwater_well,2024,20240101,39.09090909090909,63.25,1.314924391847469,100.0,40.78895463510848,59.21104536489152,보통
예산군,0,0,0,0,0.0,0,0.0,0,0,0,gdb_well_info_new_2024.zip,groundwater_well,2024,20240101,,,0.0,0.0,0.0,100.0,낮음
태안군,0,0,0,0,0.0,0,0.0,0,0,0,gdb_well_info_new_2024.zip,groundwater_well,2024,20240101,,,0.0,0.0,0.0,100.0,낮음
천안시,15,15,0,0,3869.0,15,1232.0,15,15,15,지하수 관정현황_컬럼정의서포함20200928.zip,groundwater_well,2020,20200928,257.93333333333334,82.13333333333334,0.0485044462409054,0.4993500318530854,0.2288426804857774,99.77115731951422,낮음
공주시,23723,23723,0,0,201389.64,5203,701858.2,23723,237,23723,지하수 관정현황_컬럼정의서포함20200928.zip,groundwater_well,2020,20200928,38.70644628099174,29.585558318930996,76.71139854486661,25.992226195110213,56.42372960496405,43.57627039503595,보통
보령시,4096,4096,0,0,141848.6,3681,162568.5,4096,321,4096,지하수 관정현황_컬럼정의서포함20200928.zip,groundwater_well,2020,20200928,38.535343656615055,39.6895751953125,13.244947453516572,18.3075996196215,15.270008319958544,84.72999168004145,낮음
아산시,2800,2800,0,0,177040.5,2126,184067.9,2800,562,2800,지하수 관정현황_컬럼정의서포함20200928.zip,groundwater_well,2020,20200928,83.27398871119473,65.73853571428572,9.054163298302344,22.849619879629405,14.572345930833167,85.42765406916683,낮음
서산시,477,477,0,0,22484.0,477,21919.0,477,4,477,지하수 관정현황_컬럼정의서포함20200928.zip,groundwater_well,2020,20200928,47.13626834381552,45.9517819706499,1.5424413904607923,2.901883203976421,2.086218115867044,97.91378188413296,낮음
논산시,18085,18085,0,0,635977.41,18083,509284.7000000002,18085,410,18085,지하수 관정현황_컬럼정의서포함20200928.zip,groundwater_well,2020,20200928,35.16990598905049,28.160613768316296,58.48019401778496,82.08202117894618,67.92092488224945,32.07907511775055,높음
계룡시,1709,1709,0,0,41728.57999999989,1709,81617.0,1709,28,1709,지하수 관정현황_컬럼정의서포함20200928.zip,groundwater_well,2020,20200928,24.416957284961903,47.7571679344646,5.526273241713824,5.3856727196133285,5.470033032873626,94.52996696712636,낮음
당진시,0,0,0,0,0.0,0,0.0,0,0,0,지하수 관정현황_컬럼정의서포함20200928.zip,groundwater_well,2020,20200928,,,0.0,0.0,0.0,100.0,낮음
금산군,15101,15101,0,0,218791.1,5368,407032.9,15101,209,15101,지하수 관정현황_컬럼정의서포함20200928.zip,groundwater_well,2020,20200928,40.75840163934426,26.95403615654592,48.83104284559418,28.23813459658092,40.59387954598888,59.40612045401112,보통
부여군,30925,30925,0,0,774807.2000000002,30902,712144.6000000001,30925,425,30925,지하수 관정현황_컬럼정의서포함20200928.zip,groundwater_well,2020,20200928,25.07304381593425,23.02811964430073,100.0,100.0,100.0,0.0,매우높음
서천군,4039,4039,0,0,162229.5,4036,135376.5,4039,179,4039,지하수 관정현황_컬럼정의서포함20200928.zip,groundwater_well,2020,20200928,40.19561446977205,33.51733102253033,13.060630557801131,20.93804755557253,16.211597356909692,83.78840264309031,낮음
청양군,4110,4110,0,0,189620.6,4039,193783.5,4110,462,4110,지하수 관정현황_컬럼정의서포함20200928.zip,groundwater_well,2020,20200928,46.94741272592226,47.1492700729927,13.290218270008085,24.473262509692727,17.76343596588194,82.23656403411806,낮음
홍성군,5408,5408,0,0,244121.47,5069,275613.0,5408,649,5408,지하수 관정현황_컬럼정의서포함20200928.zip,groundwater_well,2020,20200928,48.15969027421582,50.96394230769231,17.4874696847211,31.50738273986096,23.095434906777044,76.90456509322296,낮음
예산군,2081,2081,0,0,115577.5,2064,121416.5,2081,377,2081,지하수 관정현황_컬럼정의서포함20200928.zip,groundwater_well,2020,20200928,55.9968507751938,58.34526669870255,6.729183508488277,14.916936755363135,10.00428480723822,89.99571519276178,낮음
태안군,2167,2167,0,0,56610.69999999995,1449,79671.69,1718,108,2167,지하수 관정현황_컬럼정의서포함20200928.zip,groundwater_well,2020,20200928,39.068806073153866,46.37467403958091,7.007275666936136,7.306424101376438,7.126935040712256,92.87306495928776,낮음
천안시,174,0,174,0,0.0,0,0.0,0,0,174,한국농어촌공사 시추개발 관정 데이터_2021.zip,drilling_developed_well,2021,20210101,,,28.909090909090907,50.0,37.345454545454544,62.654545454545456,낮음
공주시,431,0,431,0,0.0,0,0.0,0,0,431,한국농어촌공사 시추개발 관정 데이터_2021.zip,drilling_developed_well,2021,20210101,,,75.63636363636364,50.0,65.38181818181818,34.618181818181824,높음
보령시,260,0,260,0,0.0,0,0.0,0,0,260,한국농어촌공사 시추개발 관정 데이터_2021.zip,drilling_developed_well,2021,20210101,,,44.54545454545455,50.0,46.72727272727273,53.27272727272727,보통
아산시,241,0,241,0,0.0,0,0.0,0,0,241,한국농어촌공사 시추개발 관정 데이터_2021.zip,drilling_developed_well,2021,20210101,,,41.090909090909086,50.0,44.654545454545456,55.345454545454544,보통
서산시,332,0,332,0,0.0,0,0.0,0,0,332,한국농어촌공사 시추개발 관정 데이터_2021.zip,drilling_developed_well,2021,20210101,,,57.63636363636364,50.0,54.581818181818186,45.41818181818181,보통
논산시,179,0,179,0,0.0,0,0.0,0,0,179,한국농어촌공사 시추개발 관정 데이터_2021.zip,drilling_developed_well,2021,20210101,,,29.818181818181817,50.0,37.89090909090909,62.10909090909091,낮음
계룡시,15,0,15,0,0.0,0,0.0,0,0,15,한국농어촌공사 시추개발 관정 데이터_2021.zip,drilling_developed_well,2021,20210101,,,0.0,50.0,20.0,80.0,낮음
당진시,166,0,166,0,0.0,0,0.0,0,0,166,한국농어촌공사 시추개발 관정 데이터_2021.zip,drilling_developed_well,2021,20210101,,,27.454545454545453,50.0,36.47272727272727,63.52727272727273,낮음
금산군,235,0,235,0,0.0,0,0.0,0,0,235,한국농어촌공사 시추개발 관정 데이터_2021.zip,drilling_developed_well,2021,20210101,,,40.0,50.0,44.0,56.0,보통
부여군,274,0,274,0,0.0,0,0.0,0,0,274,한국농어촌공사 시추개발 관정 데이터_2021.zip,drilling_developed_well,2021,20210101,,,47.090909090909086,50.0,48.25454545454545,51.74545454545455,보통
서천군,137,0,137,0,0.0,0,0.0,0,0,137,한국농어촌공사 시추개발 관정 데이터_2021.zip,drilling_developed_well,2021,20210101,,,22.181818181818183,50.0,33.30909090909091,66.69090909090909,낮음
청양군,137,0,137,0,0.0,0,0.0,0,0,137,한국농어촌공사 시추개발 관정 데이터_2021.zip,drilling_developed_well,2021,20210101,,,22.181818181818183,50.0,33.30909090909091,66.69090909090909,낮음
홍성군,248,0,248,0,0.0,0,0.0,0,0,248,한국농어촌공사 시추개발 관정 데이터_2021.zip,drilling_developed_well,2021,20210101,,,42.36363636363637,50.0,45.41818181818182,54.58181818181818,보통
예산군,565,0,565,0,0.0,0,0.0,0,0,565,한국농어촌공사 시추개발 관정 데이터_2021.zip,drilling_developed_well,2021,20210101,,,100.0,50.0,80.0,20.0,매우높음
태안군,140,0,140,0,0.0,0,0.0,0,0,140,한국농어촌공사 시추개발 관정 데이터_2021.zip,drilling_developed_well,2021,20210101,,,22.727272727272727,50.0,33.63636363636363,66.36363636363637,낮음
천안시,180,0,180,0,0.0,0,0.0,0,0,180,한국농어촌공사_시추개발관정_2023.zip,drilling_developed_well,2023,20230101,,,29.151943462897528,50.0,37.49116607773851,62.50883392226149,낮음
공주시,432,0,432,0,0.0,0,0.0,0,0,432,한국농어촌공사_시추개발관정_2023.zip,drilling_developed_well,2023,20230101,,,73.67491166077738,50.0,64.20494699646642,35.79505300353358,높음
보령시,260,0,260,0,0.0,0,0.0,0,0,260,한국농어촌공사_시추개발관정_2023.zip,drilling_developed_well,2023,20230101,,,43.28621908127209,50.0,45.97173144876325,54.02826855123675,보통
아산시,243,0,243,0,0.0,0,0.0,0,0,243,한국농어촌공사_시추개발관정_2023.zip,drilling_developed_well,2023,20230101,,,40.282685512367486,50.0,44.169611307420496,55.830388692579504,보통
서산시,332,0,332,0,0.0,0,0.0,0,0,332,한국농어촌공사_시추개발관정_2023.zip,drilling_developed_well,2023,20230101,,,56.00706713780919,50.0,53.60424028268551,46.39575971731449,보통
논산시,201,0,201,0,0.0,0,0.0,0,0,201,한국농어촌공사_시추개발관정_2023.zip,drilling_developed_well,2023,20230101,,,32.86219081272085,50.0,39.71731448763251,60.28268551236749,보통
계룡시,15,0,15,0,0.0,0,0.0,0,0,15,한국농어촌공사_시추개발관정_2023.zip,drilling_developed_well,2023,20230101,,,0.0,50.0,20.0,80.0,낮음
당진시,167,0,167,0,0.0,0,0.0,0,0,167,한국농어촌공사_시추개발관정_2023.zip,drilling_developed_well,2023,20230101,,,26.855123674911663,50.0,36.113074204947,63.886925795053,낮음
금산군,235,0,235,0,0.0,0,0.0,0,0,235,한국농어촌공사_시추개발관정_2023.zip,drilling_developed_well,2023,20230101,,,38.869257950530034,50.0,43.321554770318016,56.678445229681984,보통
부여군,275,0,275,0,0.0,0,0.0,0,0,275,한국농어촌공사_시추개발관정_2023.zip,drilling_developed_well,2023,20230101,,,45.936395759717314,50.0,47.56183745583039,52.438162544169614,보통
서천군,154,0,154,0,0.0,0,0.0,0,0,154,한국농어촌공사_시추개발관정_2023.zip,drilling_developed_well,2023,20230101,,,24.558303886925795,50.0,34.734982332155475,65.26501766784452,낮음
청양군,138,0,138,0,0.0,0,0.0,0,0,138,한국농어촌공사_시추개발관정_2023.zip,drilling_developed_well,2023,20230101,,,21.73144876325088,50.0,33.03886925795053,66.96113074204948,낮음
홍성군,248,0,248,0,0.0,0,0.0,0,0,248,한국농어촌공사_시추개발관정_2023.zip,drilling_developed_well,2023,20230101,,,41.1660777385159,50.0,44.699646643109546,55.30035335689045,보통
예산군,581,0,581,0,0.0,0,0.0,0,0,581,한국농어촌공사_시추개발관정_2023.zip,drilling_developed_well,2023,20230101,,,100.0,50.0,80.0,20.0,매우높음
태안군,142,0,142,0,0.0,0,0.0,0,0,142,한국농어촌공사_시추개발관정_2023.zip,drilling_developed_well,2023,20230101,,,22.43816254416961,50.0,33.46289752650176,66.53710247349824,낮음
천안시,184,0,184,0,0.0,0,0.0,0,0,184,한국농어촌공사_시추개발관정_2024.zip,drilling_developed_well,2024,20240101,,,29.858657243816257,50.0,37.91519434628975,62.08480565371025,낮음
공주시,432,0,432,0,0.0,0,0.0,0,0,432,한국농어촌공사_시추개발관정_2024.zip,drilling_developed_well,2024,20240101,,,73.67491166077738,50.0,64.20494699646642,35.79505300353358,높음
보령시,260,0,260,0,0.0,0,0.0,0,0,260,한국농어촌공사_시추개발관정_2024.zip,drilling_developed_well,2024,20240101,,,43.28621908127209,50.0,45.97173144876325,54.02826855123675,보통
아산시,247,0,247,0,0.0,0,0.0,0,0,247,한국농어촌공사_시추개발관정_2024.zip,drilling_developed_well,2024,20240101,,,40.98939929328622,50.0,44.593639575971736,55.40636042402826,보통
서산시,332,0,332,0,0.0,0,0.0,0,0,332,한국농어촌공사_시추개발관정_2024.zip,drilling_developed_well,2024,20240101,,,56.00706713780919,50.0,53.60424028268551,46.39575971731449,보통
논산시,216,0,216,0,0.0,0,0.0,0,0,216,한국농어촌공사_시추개발관정_2024.zip,drilling_developed_well,2024,20240101,,,35.51236749116608,50.0,41.30742049469965,58.69257950530035,보통
계룡시,15,0,15,0,0.0,0,0.0,0,0,15,한국농어촌공사_시추개발관정_2024.zip,drilling_developed_well,2024,20240101,,,0.0,50.0,20.0,80.0,낮음
당진시,168,0,168,0,0.0,0,0.0,0,0,168,한국농어촌공사_시추개발관정_2024.zip,drilling_developed_well,2024,20240101,,,27.03180212014134,50.0,36.21908127208481,63.78091872791519,낮음
금산군,235,0,235,0,0.0,0,0.0,0,0,235,한국농어촌공사_시추개발관정_2024.zip,drilling_developed_well,2024,20240101,,,38.869257950530034,50.0,43.321554770318016,56.678445229681984,보통
부여군,275,0,275,0,0.0,0,0.0,0,0,275,한국농어촌공사_시추개발관정_2024.zip,drilling_developed_well,2024,20240101,,,45.936395759717314,50.0,47.56183745583039,52.438162544169614,보통
서천군,154,0,154,0,0.0,0,0.0,0,0,154,한국농어촌공사_시추개발관정_2024.zip,drilling_developed_well,2024,20240101,,,24.558303886925795,50.0,34.734982332155475,65.26501766784452,낮음
청양군,138,0,138,0,0.0,0,0.0,0,0,138,한국농어촌공사_시추개발관정_2024.zip,drilling_developed_well,2024,20240101,,,21.73144876325088,50.0,33.03886925795053,66.96113074204948,낮음
홍성군,248,0,248,0,0.0,0,0.0,0,0,248,한국농어촌공사_시추개발관정_2024.zip,drilling_developed_well,2024,20240101,,,41.1660777385159,50.0,44.699646643109546,55.30035335689045,보통
예산군,581,0,581,0,0.0,0,0.0,0,0,581,한국농어촌공사_시추개발관정_2024.zip,drilling_developed_well,2024,20240101,,,100.0,50.0,80.0,20.0,매우높음
태안군,142,0,142,0,0.0,0,0.0,0,0,142,한국농어촌공사_시추개발관정_2024.zip,drilling_developed_well,2024,20240101,,,22.43816254416961,50.0,33.46289752650176,66.53710247349824,낮음
천안시,184,0,184,0,0.0,0,0.0,0,0,184,한국농어촌공사_시추개발관정_2025.zip,drilling_developed_well,2025,20250101,,,29.858657243816257,50.0,37.91519434628975,62.08480565371025,낮음
공주시,432,0,432,0,0.0,0,0.0,0,0,432,한국농어촌공사_시추개발관정_2025.zip,drilling_developed_well,2025,20250101,,,73.67491166077738,50.0,64.20494699646642,35.79505300353358,높음
보령시,260,0,260,0,0.0,0,0.0,0,0,260,한국농어촌공사_시추개발관정_2025.zip,drilling_developed_well,2025,20250101,,,43.28621908127209,50.0,45.97173144876325,54.02826855123675,보통
아산시,252,0,252,0,0.0,0,0.0,0,0,252,한국농어촌공사_시추개발관정_2025.zip,drilling_developed_well,2025,20250101,,,41.87279151943463,50.0,45.12367491166077,54.87632508833923,보통
서산시,334,0,334,0,0.0,0,0.0,0,0,334,한국농어촌공사_시추개발관정_2025.zip,drilling_developed_well,2025,20250101,,,56.36042402826856,50.0,53.81625441696113,46.18374558303887,보통
논산시,223,0,223,0,0.0,0,0.0,0,0,223,한국농어촌공사_시추개발관정_2025.zip,drilling_developed_well,2025,20250101,,,36.74911660777385,50.0,42.04946996466431,57.95053003533569,보통
계룡시,15,0,15,0,0.0,0,0.0,0,0,15,한국농어촌공사_시추개발관정_2025.zip,drilling_developed_well,2025,20250101,,,0.0,50.0,20.0,80.0,낮음
당진시,171,0,171,0,0.0,0,0.0,0,0,171,한국농어촌공사_시추개발관정_2025.zip,drilling_developed_well,2025,20250101,,,27.56183745583039,50.0,36.53710247349824,63.46289752650176,낮음
금산군,236,0,236,0,0.0,0,0.0,0,0,236,한국농어촌공사_시추개발관정_2025.zip,drilling_developed_well,2025,20250101,,,39.04593639575972,50.0,43.42756183745583,56.572438162544174,보통
부여군,278,0,278,0,0.0,0,0.0,0,0,278,한국농어촌공사_시추개발관정_2025.zip,drilling_developed_well,2025,20250101,,,46.46643109540637,50.0,47.879858657243815,52.120141342756185,보통
서천군,155,0,155,0,0.0,0,0.0,0,0,155,한국농어촌공사_시추개발관정_2025.zip,drilling_developed_well,2025,20250101,,,24.73498233215548,50.0,34.840989399293285,65.15901060070672,낮음
청양군,138,0,138,0,0.0,0,0.0,0,0,138,한국농어촌공사_시추개발관정_2025.zip,drilling_developed_well,2025,20250101,,,21.73144876325088,50.0,33.03886925795053,66.96113074204948,낮음
홍성군,248,0,248,0,0.0,0,0.0,0,0,248,한국농어촌공사_시추개발관정_2025.zip,drilling_developed_well,2025,20250101,,,41.1660777385159,50.0,44.699646643109546,55.30035335689045,보통
예산군,581,0,581,0,0.0,0,0.0,0,0,581,한국농어촌공사_시추개발관정_2025.zip,drilling_developed_well,2025,20250101,,,100.0,50.0,80.0,20.0,매우높음
태안군,146,0,146,0,0.0,0,0.0,0,0,146,한국농어촌공사_시추개발관정_2025.zip,drilling_developed_well,2025,20250101,,,23.14487632508834,50.0,33.886925795053,66.113074204947,낮음
천안시,397,397,0,0,39924.0,394,31973.0,396,224,397,한국농어촌공사_지하수 관정현황_20241231.zip,groundwater_well,2024,20241231,101.32994923857868,80.73989898989899,0.6137049469365612,3.6510664289509625,1.8286495397423217,98.17135046025768,낮음
공주시,23429,23429,0,0,195950.64,5153,693269.8,23429,228,23429,한국농어촌공사_지하수 관정현황_20241231.zip,groundwater_well,2024,20241231,38.02651659227634,29.590242861411078,78.70681178584749,24.48657454226128,57.018716888413,42.981283111587,보통
보령시,4096,4096,0,0,141848.6,3681,162568.5,4096,321,4096,한국농어촌공사_지하수 관정현황_20241231.zip,groundwater_well,2024,20241231,38.535343656615055,39.6895751953125,13.155664055877669,17.26188846707156,14.798153820355225,85.20184617964478,낮음
아산시,2798,2798,0,0,176740.5,2125,183937.9,2798,561,2798,한국농어촌공사_지하수 관정현황_20241231.zip,groundwater_well,2024,20241231,83.172,65.73906361686919,8.754619740277354,21.92128807689981,14.021287074926336,85.97871292507367,낮음
서산시,833,833,0,0,47152.19999999999,833,44232.0,832,184,833,한국농어촌공사_지하수 관정현황_20241231.zip,groundwater_well,2024,20241231,56.60528211284512,53.16346153846154,2.092021835689825,4.616306850359956,3.1017358415578773,96.89826415844212,낮음
논산시,18024,18024,0,0,640504.41,18022,510175.7000000002,18024,460,18024,한국농어촌공사_지하수 관정현황_20241231.zip,groundwater_well,2024,20241231,35.54014038397514,28.305353972481143,60.38042925439935,83.85146044660229,69.76884173128053,30.23115826871947,높음
계룡시,1678,1678,0,0,39705.279999999984,1678,80285.0,1678,27,1678,한국농어촌공사_지하수 관정현황_20241231.zip,groundwater_well,2024,20241231,23.66226460071513,47.84564958283672,4.95710846641576,3.621858965824514,4.423008666179261,95.57699133382074,낮음
당진시,216,216,0,0,12583.0,216,15414.0,216,0,216,한국농어촌공사_지하수 관정현황_20241231.zip,groundwater_well,2024,20241231,58.254629629629626,71.36111111111111,0.0,0.0,0.0,100.0,낮음
금산군,11291,11291,0,0,187312.5,4462,298094.9,11291,163,11291,한국농어촌공사_지하수 관정현황_20241231.zip,groundwater_well,2024,20241231,41.97949350067235,26.40110707643256,37.55128335537246,23.33305334835548,31.86399135256567,68.13600864743432,낮음
부여군,29709,29709,0,0,761432.7000000002,29686,686998.4000000001,29709,413,29709,한국농어촌공사_지하수 관정현황_20241231.zip,groundwater_well,2024,20241231,25.64955534595433,23.124251910195568,100.0,100.0,100.0,0.0,매우높음
서천군,4037,4037,0,0,162082.5,4034,135196.5,4037,178,4037,한국농어촌공사_지하수 관정현황_20241231.zip,groundwater_well,2024,20241231,40.17910262766485,33.48934852613327,12.955616586986745,19.96388594400184,15.758924329792782,84.24107567020722,낮음
청양군,2830,2830,0,0,142225.6,2759,140606.5,2830,361,2830,한국농어촌공사_지하수 관정현황_20241231.zip,groundwater_well,2024,20241231,51.549691917361365,49.68427561837456,8.863120062387685,17.31223234782627,12.24276497656312,87.75723502343688,낮음
홍성군,5395,5395,0,0,243921.47,5068,274828.0,5395,637,5395,한국농어촌공사_지하수 관정현황_20241231.zip,groundwater_well,2024,20241231,48.12972967640095,50.94124189063948,17.560099006543926,30.89251020598659,22.89306348632099,77.10693651367902,낮음
예산군,2081,2081,0,0,115577.5,2064,121416.5,2081,377,2081,한국농어촌공사_지하수 관정현황_20241231.zip,groundwater_well,2024,20241231,55.9968507751938,58.34526669870255,6.323534397992744,13.753694499710686,9.29559843867992,90.70440156132008,낮음
태안군,2159,2159,0,0,56400.69999999995,1448,79471.69,1717,107,2159,한국농어촌공사_지하수 관정현황_20241231.zip,groundwater_well,2024,20241231,38.950759668508255,46.28520093185789,6.588003933136677,5.85133438659319,6.293336114519282,93.70666388548072,낮음
