category_code,category_name,relative_path,file_name,extension,size_mb,modified_time,preview_info,columns_preview,zip_file_count,zip_preview,error
01_reservoir,① 농업용저수지 수위조회,data\raw\01_reservoir\한국농어촌공사_농업기반시설 시설제원_저수지\농업기반시설_저수지_2021_v3.csv,농업기반시설_저수지_2021_v3.csv,.csv,0.478,2026-05-27 20:27:04,cp949,표준코드 | 시설명 | 소재지 | 착공년도 | 준공년도 | 종별 | 구분 | 유역면적 | 홍수면적 | 만수면적 | 수혜면적 | 한발빈도 | 홍수빈도 | 제체형식 | 제체체적 | 제체길이 | 제체높이 | 총저수량 | 유효저수량 | 사수량 | 취수형식 | 홍수위 | 만수위 | 사수위,,,
01_reservoir,① 농업용저수지 수위조회,data\raw\01_reservoir\한국농어촌공사_농업기반시설 시설제원_저수지\한국농어촌공사_농업기반시설 시설제원_저수지_2020.csv,한국농어촌공사_농업기반시설 시설제원_저수지_2020.csv,.csv,0.631,2026-05-27 20:27:04,cp949,표준코드 | 시설명 | 소재지 | 착공년도 | 준공년도 | 종별 | 구분 | 유역면적 | 홍수면적 | 만수면적 | 수혜면적 | 한발빈도 | 홍수빈도 | 제체형식 | 제체체적 | 제체길이 | 제체높이 | 총저수량 | 유효저수량 | 사수량 | 취수형식 | 홍수위 | 만수위 | 사수위,,,
01_reservoir,① 농업용저수지 수위조회,data\raw\01_reservoir\한국농어촌공사_농업기반시설 시설제원_저수지\한국농어촌공사_농업기반시설 시설제원_저수지_20250925.csv,한국농어촌공사_농업기반시설 시설제원_저수지_20250925.csv,.csv,0.596,2026-05-27 20:27:04,cp949,표준코드 | 본부 | 지사 | 시설명 | 소재지 | 착공년도 | 준공년도 | 종별 | 구분 | 유역면적 | 홍수면적 | 만수면적 | 수혜면적 | 한발빈도 | 홍수빈도 | 제체형식 | 제체길이 | 제체높이 | 총저수량 | 유효저수량 | 사수량 | 취수형식 | 홍수위 | 만수위 | 사수위 | 연락처,,,
01_reservoir,① 농업용저수지 수위조회,data\raw\01_reservoir\한국농어촌공사_농업기반시설 시설제원_저수지\한국농어촌공사_농업기반시설_시설제원_저수지_2024.csv,한국농어촌공사_농업기반시설_시설제원_저수지_2024.csv,.csv,0.616,2026-05-27 20:27:04,cp949,표준코드 | 본부 | 지사 | 시설명 | 소재지 | 착공년도 | 준공년도 | 종별 | 구분 | 유역면적 | 홍수면적 | 만수면적 | 수혜면적 | 한발빈도 | 홍수빈도 | 제체형식 | 제체체적 | 제체길이 | 제체높이 | 총저수량 | 유효저수량 | 사수량 | 취수형식 | 홍수위 | 만수위 | 사수위 | 연락처,,,
01_reservoir,① 농업용저수지 수위조회,data\raw\01_reservoir\한국농어촌공사_농업기반시설 시설제원_저수지\한국농어촌공사_농업기반시설제원_저수지_2022.csv,한국농어촌공사_농업기반시설제원_저수지_2022.csv,.csv,0.478,2026-05-27 20:27:04,cp949,표준코드 | 시설명 | 소재지 | 착공년도 | 준공년도 | 종별 | 구분 | 유역면적 | 홍수면적 | 만수면적 | 수혜면적 | 한발빈도 | 홍수빈도 | 제체형식 | 제체체적 | 제체길이 | 제체높이 | 총저수량 | 유효저수량 | 사수량 | 취수형식 | 홍수위 | 만수위 | 사수위,,,
01_reservoir,① 농업용저수지 수위조회,data\raw\01_reservoir\한국농어촌공사_농업기반시설 시설제원_저수지\한국농어촌공사_농업기반시설제원_저수지_2023.csv,한국농어촌공사_농업기반시설제원_저수지_2023.csv,.csv,0.616,2026-05-27 20:27:04,cp949,표준코드 | 본부 | 지사 | 시설명 | 소재지 | 착공년도 | 준공년도 | 종별 | 구분 | 유역면적 | 홍수면적 | 만수면적 | 수혜면적 | 한발빈도 | 홍수빈도 | 제체형식 | 제체체적 | 제체길이 | 제체높이 | 총저수량 | 유효저수량 | 사수량 | 취수형식 | 홍수위 | 만수위 | 사수위 | 연락처,,,
01_reservoir,① 농업용저수지 수위조회,data\raw\01_reservoir\한국농어촌공사_전국 저수지 일별 저수율\한국농어촌공사_전국 저수지 일별 저수율 2021.csv,한국농어촌공사_전국 저수지 일별 저수율 2021.csv,.csv,4.954,2026-05-27 20:27:04,cp949,저수지명 | 위치 | 유효저수량(천m3) | 2021-01-01 | 2021-01-02 | 2021-01-03 | 2021-01-04 | 2021-01-05 | 2021-01-06 | 2021-01-07 | 2021-01-08 | 2021-01-09 | 2021-01-10 | 2021-01-11 | 2021-01-12 | 2021-01-13 | 2021-01-14 | 2021-01-15 | 2021-01-16 | 2021-01-17 | 2021-01-18 | 2021-01-19 | 2021-01-20 | 2021-01-21 | 2021-01-22 | 2021-01-23 | 2021-01-24 | 2021-01-25 | 2021-01-26 | 2021-01-27 | 2021-01-28 | 2021-01-29 | 2021-01-30 | 2021-01-31 | 2021-02-01 | 2021-02-02 | 2021-02-03 | 2021-02-04 | 2021-02-05 | 2021-02-06,,,
01_reservoir,① 농업용저수지 수위조회,data\raw\01_reservoir\한국농어촌공사_전국 저수지 일별 저수율\한국농어촌공사_전국 저수지 일별 저수율 2023 V3.csv,한국농어촌공사_전국 저수지 일별 저수율 2023 V3.csv,.csv,4.995,2026-05-27 20:27:04,cp949,저수지명 | 위치 | 유효저수량(천m3) | 2023-01-01 | 2023-01-02 | 2023-01-03 | 2023-01-04 | 2023-01-05 | 2023-01-06 | 2023-01-07 | 2023-01-08 | 2023-01-09 | 2023-01-10 | 2023-01-11 | 2023-01-12 | 2023-01-13 | 2023-01-14 | 2023-01-15 | 2023-01-16 | 2023-01-17 | 2023-01-18 | 2023-01-19 | 2023-01-20 | 2023-01-21 | 2023-01-22 | 2023-01-23 | 2023-01-24 | 2023-01-25 | 2023-01-26 | 2023-01-27 | 2023-01-28 | 2023-01-29 | 2023-01-30 | 2023-01-31 | 2023-02-01 | 2023-02-02 | 2023-02-03 | 2023-02-04 | 2023-02-05 | 2023-02-06,,,
01_reservoir,① 농업용저수지 수위조회,data\raw\01_reservoir\한국농어촌공사_전국 저수지 일별 저수율\한국농어촌공사_전국 저수지 일별 저수율 2024(V4).csv,한국농어촌공사_전국 저수지 일별 저수율 2024(V4).csv,.csv,5.007,2026-05-27 20:27:04,cp949,저수지명 | 위치 | 유효저수량(천m3) | 2024-01-01 | 2024-01-02 | 2024-01-03 | 2024-01-04 | 2024-01-05 | 2024-01-06 | 2024-01-07 | 2024-01-08 | 2024-01-09 | 2024-01-10 | 2024-01-11 | 2024-01-12 | 2024-01-13 | 2024-01-14 | 2024-01-15 | 2024-01-16 | 2024-01-17 | 2024-01-18 | 2024-01-19 | 2024-01-20 | 2024-01-21 | 2024-01-22 | 2024-01-23 | 2024-01-24 | 2024-01-25 | 2024-01-26 | 2024-01-27 | 2024-01-28 | 2024-01-29 | 2024-01-30 | 2024-01-31 | 2024-02-01 | 2024-02-02 | 2024-02-03 | 2024-02-04 | 2024-02-05 | 2024-02-06,,,
01_reservoir,① 농업용저수지 수위조회,data\raw\01_reservoir\한국농어촌공사_전국 저수지 일별 저수율\한국농어촌공사_전국 저수지 일별 저수율_2022_v3.csv,한국농어촌공사_전국 저수지 일별 저수율_2022_v3.csv,.csv,6.763,2026-05-27 20:27:04,cp949,저수지명 | 위치 | 유효저수량(천m3) | 2022-01-01 | 2022-01-02 | 2022-01-03 | 2022-01-04 | 2022-01-05 | 2022-01-06 | 2022-01-07 | 2022-01-08 | 2022-01-09 | 2022-01-10 | 2022-01-11 | 2022-01-12 | 2022-01-13 | 2022-01-14 | 2022-01-15 | 2022-01-16 | 2022-01-17 | 2022-01-18 | 2022-01-19 | 2022-01-20 | 2022-01-21 | 2022-01-22 | 2022-01-23 | 2022-01-24 | 2022-01-25 | 2022-01-26 | 2022-01-27 | 2022-01-28 | 2022-01-29 | 2022-01-30 | 2022-01-31 | 2022-02-01 | 2022-02-02 | 2022-02-03 | 2022-02-04 | 2022-02-05 | 2022-02-06,,,
01_reservoir,① 농업용저수지 수위조회,data\raw\01_reservoir\한국농어촌공사_전국 저수지 일별 저수율\한국농어촌공사_전국 저수지 일별 저수율_20251231.csv,한국농어촌공사_전국 저수지 일별 저수율_20251231.csv,.csv,5.191,2026-05-27 20:27:04,utf-8-sig,저수지명 | 위치 | 유효저수량 | 2025-01-01 | 2025-01-02 | 2025-01-03 | 2025-01-04 | 2025-01-05 | 2025-01-06 | 2025-01-07 | 2025-01-08 | 2025-01-09 | 2025-01-10 | 2025-01-11 | 2025-01-12 | 2025-01-13 | 2025-01-14 | 2025-01-15 | 2025-01-16 | 2025-01-17 | 2025-01-18 | 2025-01-19 | 2025-01-20 | 2025-01-21 | 2025-01-22 | 2025-01-23 | 2025-01-24 | 2025-01-25 | 2025-01-26 | 2025-01-27 | 2025-01-28 | 2025-01-29 | 2025-01-30 | 2025-01-31 | 2025-02-01 | 2025-02-02 | 2025-02-03 | 2025-02-04 | 2025-02-05 | 2025-02-06,,,
02_well,② 관정현황,data\raw\02_well\한국농어촌공사 시추개발관정\한국농어촌공사 시추개발 관정 데이터_2021.zip,한국농어촌공사 시추개발 관정 데이터_2021.zip,.zip,1.208,2026-05-27 20:27:04,zip,,6,gdb_agri_plan_result_new_2021.cpg; gdb_agri_plan_result_new_2021.dbf; gdb_agri_plan_result_new_2021.prj; gdb_agri_plan_result_new_2021.qpj; gdb_agri_plan_result_new_2021.shp; gdb_agri_plan_result_new_2021.shx,
02_well,② 관정현황,data\raw\02_well\한국농어촌공사 시추개발관정\한국농어촌공사_시추개발관정_2023.zip,한국농어촌공사_시추개발관정_2023.zip,.zip,1.222,2026-05-27 20:27:04,zip,,6,gdb_agri_plan_result_new_2023.cpg; gdb_agri_plan_result_new_2023.dbf; gdb_agri_plan_result_new_2023.prj; gdb_agri_plan_result_new_2023.qmd; gdb_agri_plan_result_new_2023.shp; gdb_agri_plan_result_new_2023.shx,
02_well,② 관정현황,data\raw\02_well\한국농어촌공사 시추개발관정\한국농어촌공사_시추개발관정_2024.zip,한국농어촌공사_시추개발관정_2024.zip,.zip,1.239,2026-05-27 20:27:04,zip,,6,gdb_agri_plan_result_new_2024.cpg; gdb_agri_plan_result_new_2024.dbf; gdb_agri_plan_result_new_2024.prj; gdb_agri_plan_result_new_2024.qmd; gdb_agri_plan_result_new_2024.shp; gdb_agri_plan_result_new_2024.shx,
02_well,② 관정현황,data\raw\02_well\한국농어촌공사 시추개발관정\한국농어촌공사_시추개발관정_2025.zip,한국농어촌공사_시추개발관정_2025.zip,.zip,1.251,2026-05-27 20:27:04,zip,,6,gdb_agri_plan_result_new_2025.cpg; gdb_agri_plan_result_new_2025.dbf; gdb_agri_plan_result_new_2025.prj; gdb_agri_plan_result_new_2025.qmd; gdb_agri_plan_result_new_2025.shp; gdb_agri_plan_result_new_2025.shx,
02_well,② 관정현황,data\raw\02_well\한국농어촌공사 지하수 관정현황\gdb_well_info_new_20231231.zip,gdb_well_info_new_20231231.zip,.zip,65.191,2026-05-27 20:27:05,zip,,7,gdb_well_info_new.cpg; gdb_well_info_new.dbf; gdb_well_info_new.prj; gdb_well_info_new.qmd; gdb_well_info_new.shp; gdb_well_info_new.shx; gdb_well_info_new_─├╖│╝│╕φ.xlsx,
02_well,② 관정현황,data\raw\02_well\한국농어촌공사 지하수 관정현황\gdb_well_info_new_2024.zip,gdb_well_info_new_2024.zip,.zip,65.153,2026-05-27 20:27:05,zip,,7,gdb_well_info_new_2024.cpg; gdb_well_info_new_2024.dbf; gdb_well_info_new_2024.prj; gdb_well_info_new_2024.qmd; gdb_well_info_new_2024.shp; gdb_well_info_new_2024.shx; gdb_well_info_new_─├╖│╝│╕φ.xlsx,
02_well,② 관정현황,data\raw\02_well\한국농어촌공사 지하수 관정현황\지하수 관정현황_컬럼정의서포함20200928.zip,지하수 관정현황_컬럼정의서포함20200928.zip,.zip,66.744,2026-05-27 20:27:05,zip,,5,gdb_well_info_new.dbf; gdb_well_info_new.prj; gdb_well_info_new.shp; gdb_well_info_new.shx; gdb_well_info_new_─├╖│╝│╕φ_230825.xlsx,
02_well,② 관정현황,data\raw\02_well\한국농어촌공사 지하수 관정현황\한국농어촌공사_지하수 관정현황_20241231.zip,한국농어촌공사_지하수 관정현황_20241231.zip,.zip,53.075,2026-05-27 20:27:04,zip,,7,gdb_well_info_new_2025.cpg; gdb_well_info_new_2025.dbf; gdb_well_info_new_2025.prj; gdb_well_info_new_2025.qmd; gdb_well_info_new_2025.shp; gdb_well_info_new_2025.shx; gdb_well_info_new_─├╖│╝│╕φ.xlsx,
03_crop,③ 재배작물별 농가현황,data\raw\03_crop\시군별 논벼 생산량-KOSIS 농업면적조사\KOSIS 농업면적조사-시군별_논벼_생산량_정곡_2018~2026.xlsx,KOSIS 농업면적조사-시군별_논벼_생산량_정곡_2018~2026.xlsx,.xlsx,0.027,2026-05-27 20:27:04,데이터,행정구역별(1) | 행정구역별(2) | 2018 | 2018.1 | 2018.2 | 2019 | 2019.1 | 2019.2 | 2020 | 2020.1 | 2020.2 | 2021 | 2021.1 | 2021.2 | 2022 | 2022.1 | 2022.2 | 2023 | 2023.1 | 2023.2 | 2024 | 2024.1 | 2024.2 | 2025 | 2025.1 | 2025.2,,,
03_crop,③ 재배작물별 농가현황,data\raw\03_crop\올담-충청남도 재배작물별 농가현황\★ 2025년도 충청남도 재배작물별 농가현황(스마트농업과).xlsx,★ 2025년도 충청남도 재배작물별 농가현황(스마트농업과).xlsx,.xlsx,0.013,2026-05-27 20:27:04,재배작물별 농가현황,Unnamed: 0 | Unnamed: 1 | Unnamed: 2 | Unnamed: 3 | Unnamed: 4 | Unnamed: 5 | Unnamed: 6 | Unnamed: 7 | Unnamed: 8 | Unnamed: 9 | Unnamed: 10 | Unnamed: 11 | Unnamed: 12 | Unnamed: 13 | Unnamed: 14 | Unnamed: 15 | Unnamed: 16 | Unnamed: 17,,,
03_crop,③ 재배작물별 농가현황,data\raw\03_crop\올담-충청남도 재배작물별 농가현황\충청남도_재배작물별 농가현황.csv,충청남도_재배작물별 농가현황.csv,.csv,0.002,2026-05-27 20:27:04,cp949,행정구역별 | 논벼_농가 (가구) | 식량작물_농가 (가구) | 채소·산나물_농가 (가구) | 특용작물·버섯_농가 (가구) | 과수_농가 (가구) | 약용작물_농가 (가구) | 화초·관상작물_농가 (가구) | 기타작물_농가 (가구) | 축산_농가 (가구) | 논벼_경영주 평균 경력 (년) | 식량작물_경영주 평균 경력 (년) | 채소·산나물_경영주 평균 경력 (년) | 특용작물·버섯_경영주 평균 경력 (년) | 과수_경영주 평균 경력 (년) | 약용작물_경영주 평균 경력 (년) | 화초·관상작물_경영주 평균 경력 (년) | 기타작물_경영주 평균 경력 (년) | 축산_경영주 평균 경력 (년),,,
04_weather_drought,④ 시·군별 강우량/가뭄 관련 데이터,data\raw\04_weather_drought\충청남도_재난안전포털_강우량 정보\강우량+조회_20180101~20251231.xls,강우량+조회_20180101~20251231.xls,.xls,0.729,2026-05-27 20:27:06,충청남도 강우량 정보,구분 | 천안 | 공주 | 보령 | 아산 | 서산 | 논산 | 계룡 | 당진 | 금산 | 부여 | 서천 | 청양 | 홍성 | 예산 | 태안,,,
04_weather_drought,④ 시·군별 강우량/가뭄 관련 데이터,data\raw\04_weather_drought\한국농어촌공사 가뭄예경보자료\tb_cd_drought_alt_da_가뭄예경보자료_최종2_2022.csv,tb_cd_drought_alt_da_가뭄예경보자료_최종2_2022.csv,.csv,0.073,2026-05-27 20:27:06,cp949,기준일자 | 시도 | 시군 | 행정구역코드 | 가뭄현황 | 가뭄전망-1 | 가뭄전망-2 | 가뭄전망-3,,,
04_weather_drought,④ 시·군별 강우량/가뭄 관련 데이터,data\raw\04_weather_drought\한국농어촌공사 가뭄예경보자료\가뭄예경보자료(tb_cd_drought_alt_da)_2023.csv,가뭄예경보자료(tb_cd_drought_alt_da)_2023.csv,.csv,0.073,2026-05-27 20:27:06,cp949,기준일자 | 시도명 | 시군명 | 행정구역코드 | 가뭄현황 | 가뭄전망-1 | 가뭄전망-2 | 가뭄전망-3,,,
04_weather_drought,④ 시·군별 강우량/가뭄 관련 데이터,data\raw\04_weather_drought\한국농어촌공사 가뭄예경보자료\한국농어촌공사_가뭄예경보자료_20241202.csv,한국농어촌공사_가뭄예경보자료_20241202.csv,.csv,0.073,2026-05-27 20:27:06,cp949,기준일자 | 시도명 | 시군명 | 행정구역코드 | 가뭄현황 | 가뭄전망1 | 가뭄전망2 | 가뭄전망3,,,
04_weather_drought,④ 시·군별 강우량/가뭄 관련 데이터,data\raw\04_weather_drought\한국농어촌공사 가뭄지도 정보\한국농어촌공사_가뭄지도 정보_2022.csv,한국농어촌공사_가뭄지도 정보_2022.csv,.csv,0.009,2026-05-27 20:27:05,cp949,시도 | 시군 | 시설개수 | 유역면적(ha) | 수혜면적(ha) | 유효저수량(ha) | 저수율 | 평년 | 대비 | 단계검증,,,
04_weather_drought,④ 시·군별 강우량/가뭄 관련 데이터,data\raw\04_weather_drought\한국농어촌공사 가뭄지도 정보\한국농어촌공사_가뭄지도 정보_2023.csv,한국농어촌공사_가뭄지도 정보_2023.csv,.csv,0.01,2026-05-27 20:27:06,utf-8-sig,시도 | 시군 | 시설개수 | 유역면적(ha) | 수혜면적(ha) | 유효저수량(천세제곱미터) | 저수율(퍼센트) | 평년(퍼센트) | 대비(퍼센트) | 단계,,,
04_weather_drought,④ 시·군별 강우량/가뭄 관련 데이터,data\raw\04_weather_drought\한국농어촌공사 가뭄지도 정보\한국농어촌공사_가뭄지도 정보_20241231.csv,한국농어촌공사_가뭄지도 정보_20241231.csv,.csv,0.009,2026-05-27 20:27:06,cp949,시도 | 시군 | 시설개수 | 유역면적(헥타르) | 수혜면적(헥타르) | 유효저수량(천세제곱미터) | 저수율(퍼센트) | 평년(퍼센트) | 대비(퍼센트) | 단계,,,
04_weather_drought,④ 시·군별 강우량/가뭄 관련 데이터,data\raw\04_weather_drought\한국농어촌공사 가뭄지도 정보\한국농어촌공사_가뭄지도 정보_20251231.csv,한국농어촌공사_가뭄지도 정보_20251231.csv,.csv,0.009,2026-05-27 20:27:06,cp949,시도 | 시군 | 시설개수 | 유역면적(헥타르) | 수혜면적(헥타르) | 유효저수량(천세제곱미터) | 저수율(퍼센트) | 평년(퍼센트) | 대비(퍼센트) | 단계,,,
04_weather_drought,④ 시·군별 강우량/가뭄 관련 데이터,data\raw\04_weather_drought\한국농어촌공사 가뭄지도 정보\한국농어촌공사_저수율지도 정보_2018년1분기_cng.csv,한국농어촌공사_저수율지도 정보_2018년1분기_cng.csv,.csv,0.011,2026-05-27 20:27:05,cp949,시도 | 시군 | 시설개수 | 유역면적(ha) | 수혜면적(ha) | 유효저수량(ha) | 저수율 | 평년 | 대비 | 단계,,,
04_weather_drought,④ 시·군별 강우량/가뭄 관련 데이터,data\raw\04_weather_drought\한국농어촌공사 가뭄지도 정보\한국농어촌공사_저수율지도 정보_2018년2분기.csv,한국농어촌공사_저수율지도 정보_2018년2분기.csv,.csv,0.011,2026-05-27 20:27:05,cp949,시도 | 시군 | 시설개수 | 유역면적(ha) | 수혜면적(ha) | 유효저수량(ha) | 저수율 | 평년 | 대비 | 단계,,,
04_weather_drought,④ 시·군별 강우량/가뭄 관련 데이터,data\raw\04_weather_drought\한국농어촌공사 가뭄지도 정보\한국농어촌공사_저수율지도 정보_2018년3분기.csv,한국농어촌공사_저수율지도 정보_2018년3분기.csv,.csv,0.011,2026-05-27 20:27:05,cp949,시도 | 시군 | 시설개수 | 유역면적(ha) | 수혜면적(ha) | 유효저수량(ha) | 저수율 | 평년 | 대비 | 단계,,,
04_weather_drought,④ 시·군별 강우량/가뭄 관련 데이터,data\raw\04_weather_drought\한국농어촌공사 가뭄지도 정보\한국농어촌공사_저수율지도 정보_2019년1분기_cng.csv,한국농어촌공사_저수율지도 정보_2019년1분기_cng.csv,.csv,0.011,2026-05-27 20:27:05,cp949,시도 | 시군 | 시설개수 | 유역면적(ha) | 수혜면적(ha) | 유효저수량(ha) | 저수율 | 평년 | 대비 | 단계,,,
04_weather_drought,④ 시·군별 강우량/가뭄 관련 데이터,data\raw\04_weather_drought\한국농어촌공사 가뭄지도 정보\한국농어촌공사_저수율지도 정보_2019년2분기_cng.csv,한국농어촌공사_저수율지도 정보_2019년2분기_cng.csv,.csv,0.011,2026-05-27 20:27:05,cp949,시도 | 시군 | 시설개수 | 유역면적(ha) | 수혜면적(ha) | 유효저수량(ha) | 저수율 | 평년 | 대비 | 단계,,,
04_weather_drought,④ 시·군별 강우량/가뭄 관련 데이터,data\raw\04_weather_drought\한국농어촌공사 가뭄지도 정보\한국농어촌공사_저수율지도 정보_2019년3분기_cng.csv,한국농어촌공사_저수율지도 정보_2019년3분기_cng.csv,.csv,0.011,2026-05-27 20:27:05,cp949,시도 | 시군 | 시설개수 | 유역면적(ha) | 수혜면적(ha) | 유효저수량(ha) | 저수율 | 평년 | 대비 | 단계,,,
04_weather_drought,④ 시·군별 강우량/가뭄 관련 데이터,data\raw\04_weather_drought\한국농어촌공사 가뭄지도 정보\한국농어촌공사_저수율지도 정보_2019년4분기_cng.csv,한국농어촌공사_저수율지도 정보_2019년4분기_cng.csv,.csv,0.011,2026-05-27 20:27:05,cp949,시도 | 시군 | 시설개수 | 유역면적(ha) | 수혜면적(ha) | 유효저수량(ha) | 저수율 | 평년 | 대비 | 단계,,,
04_weather_drought,④ 시·군별 강우량/가뭄 관련 데이터,data\raw\04_weather_drought\한국농어촌공사 가뭄지도 정보\한국농어촌공사_저수율지도 정보_2021년 1분기_cng.csv,한국농어촌공사_저수율지도 정보_2021년 1분기_cng.csv,.csv,0.011,2026-05-27 20:27:06,cp949,시도 | 시군 | 시설개수 | 유역면적(ha) | 수혜면적(ha) | 유효저수량(ha) | 저수율 | 평년 | 대비 | 단계,,,
04_weather_drought,④ 시·군별 강우량/가뭄 관련 데이터,data\raw\04_weather_drought\한국농어촌공사 가뭄지도 정보\한국농어촌공사_저수율지도 정보_cng_2020년 1분기.csv,한국농어촌공사_저수율지도 정보_cng_2020년 1분기.csv,.csv,0.008,2026-05-27 20:27:05,cp949,시도 | 시군 | 시설개수 | 유역면적(ha) | 수혜면적(ha) | 유효저수량(ha) | 저수율 | 평년 | 대비 | 단계,,,
04_weather_drought,④ 시·군별 강우량/가뭄 관련 데이터,data\raw\04_weather_drought\한국농어촌공사 가뭄지도 정보\한국농어촌공사_저수율지도 정보_cng_2020년 2분기.csv,한국농어촌공사_저수율지도 정보_cng_2020년 2분기.csv,.csv,0.008,2026-05-27 20:27:05,cp949,시도 | 시군 | 시설개수 | 유역면적(ha) | 수혜면적(ha) | 유효저수량(ha) | 저수율 | 평년 | 대비 | 단계,,,
04_weather_drought,④ 시·군별 강우량/가뭄 관련 데이터,data\raw\04_weather_drought\한국농어촌공사 가뭄지도 정보\한국농어촌공사_저수율지도 정보_cng_2020년 3분기.csv,한국농어촌공사_저수율지도 정보_cng_2020년 3분기.csv,.csv,0.008,2026-05-27 20:27:05,cp949,시도 | 시군 | 시설개수 | 유역면적(ha) | 수혜면적(ha) | 유효저수량(ha) | 저수율 | 평년 | 대비 | 단계,,,
04_weather_drought,④ 시·군별 강우량/가뭄 관련 데이터,data\raw\04_weather_drought\한국농어촌공사 가뭄지도 정보\한국농어촌공사_저수율지도 정보_cng_2020년 4분기.csv,한국농어촌공사_저수율지도 정보_cng_2020년 4분기.csv,.csv,0.008,2026-05-27 20:27:06,cp949,시도 | 시군 | 시설개수 | 유역면적(ha) | 수혜면적(ha) | 유효저수량(ha) | 저수율 | 평년 | 대비 | 단계,,,
04_weather_drought,④ 시·군별 강우량/가뭄 관련 데이터,data\raw\04_weather_drought\한국농어촌공사 가뭄지도 정보\한국농어촌공사_저수율지도 정보_cng_2022년 1분기.csv,한국농어촌공사_저수율지도 정보_cng_2022년 1분기.csv,.csv,0.009,2026-05-27 20:27:05,cp949,시도 | 시군 | 시설개수 | 유역면적(ha) | 수혜면적(ha) | 유효저수량(ha) | 저수율 | 평년 | 대비 | 단계,,,
04_weather_drought,④ 시·군별 강우량/가뭄 관련 데이터,data\raw\04_weather_drought\한국농어촌공사 가뭄지도 정보\한국농어촌공사_저수율지도 정보_cng_2022년 2분기.csv,한국농어촌공사_저수율지도 정보_cng_2022년 2분기.csv,.csv,0.009,2026-05-27 20:27:06,cp949,시도 | 시군 | 시설개수 | 유역면적(ha) | 수혜면적(ha) | 유효저수량(ha) | 저수율 | 평년 | 대비 | 단계,,,
04_weather_drought,④ 시·군별 강우량/가뭄 관련 데이터,data\raw\04_weather_drought\한국농어촌공사 가뭄지도 정보\한국농어촌공사_저수율지도_2018년4분기.csv,한국농어촌공사_저수율지도_2018년4분기.csv,.csv,0.011,2026-05-27 20:27:05,cp949,시도 | 시군 | 시설(개수) | 유역면적(ha) | 수혜면적(ha) | 유효저수량(ha) | 저수율 | 평년 | 대비 | 단계,,,
04_weather_drought,④ 시·군별 강우량/가뭄 관련 데이터,data\raw\04_weather_drought\한국농어촌공사 논가뭄지도\tbl_drought_paddy_map_논가뭄지도(농림부)수정정보_최종2022.csv,tbl_drought_paddy_map_논가뭄지도(농림부)수정정보_최종2022.csv,.csv,1.891,2026-05-27 20:27:06,cp949,기준일자 | 표준코드 | 저수율 | 평년 | 평년대비 | 가뭄단계,,,
04_weather_drought,④ 시·군별 강우량/가뭄 관련 데이터,data\raw\04_weather_drought\한국농어촌공사 논가뭄지도\논가뭄지도(tbl_drought_paddy_map)_2023.csv,논가뭄지도(tbl_drought_paddy_map)_2023.csv,.csv,2.874,2026-05-27 20:27:06,cp949,기준일자 | 시도명 | 시군명 | 표준코드 | 저수율 | 평년 | 평년대비 | 가뭄단계,,,
04_weather_drought,④ 시·군별 강우량/가뭄 관련 데이터,data\raw\04_weather_drought\한국농어촌공사 논가뭄지도\한국농어촌공사_논가뭄지도_20241231.csv,한국농어촌공사_논가뭄지도_20241231.csv,.csv,2.88,2026-05-27 20:27:06,cp949,기준일자 | 시도명 | 시군명 | 시군코드 | 저수율(퍼센트) | 평년(퍼센트) | 평년대비(퍼센트) | 가뭄단계,,,
05_agri_stats,⑤ 농축어업 통계,data\raw\05_agri_stats\시군별_농가_및_농가인구.xlsx,시군별_농가_및_농가인구.xlsx,.xlsx,0.012,2026-05-27 20:27:04,데이터,시점 | 시도별(1) | 시도별(2) | 농가 (호) | 농가인구 (명) | 남 (명) | 여 (명),,,
