시도,시군,시설개수,유역면적(헥타르),수혜면적(헥타르),유효저수량(천세제곱미터),저수율(퍼센트),평년(퍼센트),대비(퍼센트),단계
서울,서울시,0,0,0,0,0,0,100,정상
부산,부산(군제외),0,0,0,0,0,0,100,정상
부산,기장군,5,1489,236.6,828.2,91.8,86,106.7,정상
대구,대구(군제외),13,21243,188.8,6340.5,78.7,77,102.2,정상
대구,달성군,9,13107,1301,15083.9,91.8,74,124.1,정상
대구,군위군,19,3975.3,626.8,3610.81,88.3,80.9,109.1,정상
인천,인천(군제외),0,0,0,0,0,0,100,정상
인천,강화군,18,14213.7,6010.15,29888.1,96.9,84.5,114.7,정상
인천,옹진군,0,0,0,0,0,0,100,정상
광주,광주,48,4176,166.5,5617.3,82.3,69.1,119.1,정상
대전,대전,3,3514,314.9,4833.3,90.6,90.3,100.3,정상
울산,울산(군제외),7,1308,359.3,1866.9,83.5,81.4,102.6,정상
울산,울주군,78,9487,2280.32,11981.4,77.6,79.5,97.6,정상
세종,세종시,1,1620,477.5,4867.9,84.4,74.8,112.8,정상
경기,수원시,1,277,0,299,97,86.5,112.1,정상
경기,성남시,1,1950,4.5,855.8,100,90.1,111,정상
경기,의정부시,0,0,0,0,0,0,100,정상
경기,안양시,0,0,0,0,0,0,100,정상
경기,부천시,0,0,0,0,0,0,100,정상
경기,광명시,0,0,0,0,0,0,100,정상
경기,평택시,5,732,106.4,467,96.7,76.6,126.2,정상
경기,동두천시,0,0,0,0,0,0,100,정상
경기,안산시,0,0,0,0,0,0,100,정상
경기,고양시,0,0,0,0,0,0,100,정상
경기,과천시,1,790,100.48,1092.5,100,97.6,102.5,정상
경기,구리시,0,0,0,0,0,0,100,정상
경기,남양주시,1,1552.12,276.94,2435.1,100,82.1,121.8,정상
경기,오산시,1,410,190.4,482.8,100,92.5,108.1,정상
경기,시흥시,5,2200,1017.2,2715.1,96.4,92.2,104.6,정상
경기,군포시,1,1220,365,1165.8,100,96.4,103.7,정상
경기,의왕시,2,2575,516.1,3456.4,90.4,80,113,정상
경기,하남시,0,0,0,0,0,0,100,정상
경기,용인시,6,17165,3768.2,36132.7,82.1,81.8,100.4,정상
경기,파주시,6,7206,1140.7,8267.6,88.1,88.7,99.3,정상
경기,이천시,3,1388,594.5,1849,99.8,92.3,108.1,정상
경기,안성시,18,18577,7440.3,46785.6,89.8,81.9,109.6,정상
경기,김포시,1,86.72,20.5,74,71.2,79.5,89.6,정상
경기,화성시,8,6159,2027.25,9968.3,95.3,84.3,113,정상
경기,광주시,2,1690,276.14,1183.3,100,96.4,103.7,정상
경기,양주시,6,1870,877,5705,100,84.2,118.8,정상
경기,포천시,12,6016.2,1281.9,8170.8,81.6,86.9,93.9,정상
경기,여주시,5,1693.6,434.6,4474,99.5,73.4,135.6,정상
경기,연천군,2,1072,136,1748.4,94.8,91.2,103.9,정상
경기,가평군,0,0,0,0,0,0,100,정상
경기,양평군,6,3398,477.98,2272.6,95.8,77.9,123,정상
충북,청주시,18,8593.1,2521.6,15282.28,88.5,86.4,102.4,정상
충북,충주시,20,10987.8,2991,22000.7,99.3,80.3,123.7,정상
충북,제천시,14,7444,914,5208.7,91.9,92.6,99.2,정상
충북,보은군,19,12265.64,3431,28041.26,68.6,65.4,104.9,정상
충북,옥천군,27,8975,1831.1,13153.6,77.6,83.6,92.8,정상
충북,영동군,19,8285,1297.5,8977.85,92.8,80.3,115.6,정상
충북,증평군,6,1368,476.8,3115.49,93,58.8,158.2,정상
충북,진천군,12,29532,7017.8,54057.75,92,78.6,117,정상
충북,괴산군,20,7509,2420.1,14918.56,91.3,82.6,110.5,정상
충북,음성군,30,11622,4172,31770.09,80.2,81.7,98.2,정상
충북,단양군,1,220,54,209,100,96.3,103.8,정상
충남,천안시,20,8281,2323.3,11580,90.1,82.6,109.1,정상
충남,공주시,12,7962,2272.4,19349.77,91.8,74.1,123.9,정상
충남,보령시,30,13115,4375.9,30028.8,93.3,81.1,115,정상
충남,아산시,18,15448.4,4906.4,25788.2,92.6,87.1,106.3,정상
충남,서산시,16,12460,4801.2,28669.73,78.3,80.8,96.9,정상
충남,논산시,25,24521.7,6407.9,38116.2,91.1,81.1,112.3,정상
충남,계룡시,0,0,0,0,0,0,100,정상
충남,당진시,10,6222,1283,5581.7,55.4,78.3,70.8,정상
충남,금산군,9,3442.6,685.4,5557.2,92.5,74.3,124.5,정상
충남,부여군,11,8114.8,3391.6,21908.4,94.9,77.3,122.8,정상
충남,서천군,7,9262,5336,25397.5,98.7,81,121.9,정상
충남,청양군,28,8519.7,3513.6,24799.2,96.1,81.6,117.8,정상
충남,홍성군,9,7372,1802.4,10429.2,83.8,79.4,105.5,정상
충남,예산군,13,42751,8659,59873.6,84.9,84.2,100.8,정상
충남,태안군,19,4840,1695.6,9968.2,90.3,87.4,103.3,정상
전북,전주시,6,12716.1,822.4,3860.4,74.6,72.8,102.5,정상
전북,군산시,25,2117.7,4682,24287.8,60.6,69.4,87.3,정상
전북,익산시,27,4490.5,1806.9,6802.3,96.3,83.5,115.3,정상
전북,정읍시,13,8406.4,3625.4,27077.9,72.6,66.7,108.8,정상
전북,남원시,77,8452,2535.7,16719.03,73.4,71.9,102.1,정상
전북,김제시,23,6849,2585.7,22896.9,77.2,71.7,107.7,정상
전북,완주군,39,42692.2,21965.4,113519.8,55.5,59.5,93.3,정상
전북,진안군,24,6951.6,1109.2,13507.84,61,57,107,정상
전북,무주군,9,8140,1125.1,9136.54,57.3,62.1,92.3,정상
전북,장수군,33,20050.9,6449.7,66562.52,71.4,63.6,112.3,정상
전북,임실군,35,85114,32708.6,279405,99,82.3,120.3,정상
전북,순창군,37,17409.8,2820.2,17269.4,82.1,68.9,119.2,정상
전북,고창군,37,20589.5,9086.2,43130.7,62.3,70.7,88.1,정상
전북,부안군,21,5112.9,5395.1,29661.6,66.6,67.7,98.4,정상
전남,목포시,0,0,0,0,0,0,100,정상
전남,여수시,18,4248,1239.74,6086.5,79.3,79.4,99.9,정상
전남,순천시,20,5610.6,1586.6,7328.5,87.5,80.1,109.2,정상
전남,나주시,162,25746.6,9589.6,123981.8,77.4,59.4,130.3,정상
전남,광양시,10,6248.8,1382.8,6357.3,95.9,82.9,115.7,정상
전남,담양군,47,17382,9536,98414.6,72.5,63.3,114.5,정상
전남,곡성군,48,12108.1,3798.43,21571.96,89.5,64.2,139.4,정상
전남,구례군,49,29202.7,2802.3,15444.7,79.5,72.8,109.2,정상
전남,고흥군,47,15102.2,4321.5,24321.4,69.1,73.4,94.1,정상
전남,보성군,27,8408.2,3240.4,24066,80.8,79.1,102.1,정상
전남,화순군,43,16785.8,4333.6,30817.2,85.7,66.9,128.1,정상
전남,장흥군,34,10815.8,3492.3,22932.4,70.5,69.5,101.4,정상
전남,강진군,29,12089.5,4212.6,32050.1,76.2,69.5,109.6,정상
전남,해남군,79,16208,6026.7,36263.9,67.3,66.4,101.4,정상
전남,영암군,138,14030.09,1745.9,20625.1,77.7,65.6,118.4,정상
전남,무안군,50,5841.2,802.8,8207.5,79.5,72.2,110.1,정상
전남,함평군,36,11234.8,1888.2,16465,74,66.2,111.8,정상
전남,영광군,42,11709.2,5485.5,27332.87,70,67.5,103.7,정상
전남,장성군,50,25066,12563.2,123717.5,53.1,61.2,86.8,정상
전남,완도군,9,2294.61,517.76,3280.2,65.3,70.6,92.5,정상
전남,진도군,34,7638.88,2385.03,13742.6,69,70.2,98.3,정상
전남,신안군,30,3781,1191.1,7766,80.9,74.4,108.7,정상
경북,포항시,57,36269.7,5754.66,41106.6,84,77.1,108.9,정상
경북,경주시,76,44070.7,7786,69336.9,76.3,72.9,104.7,정상
경북,김천시,8,4996,1064.1,6707.56,88.4,85.1,103.9,정상
경북,안동시,19,5708.9,1166.3,9186.6,65.2,70.7,92.2,정상
경북,구미시,23,9429,2000.2,15534.17,74.5,78.3,95.1,정상
경북,영주시,7,9530,2194.5,14752.5,83.5,78.7,106.1,정상
경북,영천시,94,18734.2,2509.5,23266.4,76.1,77.8,97.8,정상
경북,상주시,29,26575.7,4387.7,30212.7,88.8,75.8,117.2,정상
경북,문경시,15,17018,4893,35401.7,81.4,80.8,100.7,정상
경북,경산시,26,17609,1730.1,18147.3,62.5,70.6,88.5,정상
경북,의성군,54,13587,3074.7,26963.3,61.8,58,106.6,정상
경북,청송군,38,12338,1266.15,12406.6,68.3,56.6,120.7,정상
경북,영양군,26,5297.4,1172.6,8987.5,73.2,75.9,96.4,정상
경북,영덕군,26,13594,2805.6,19887.7,91.9,74.4,123.5,정상
경북,청도군,20,7185,1959.1,16955.4,70,72.9,96,정상
경북,고령군,35,5750,950.98,8388.8,92,60.6,151.8,정상
경북,성주군,7,19487,4058.9,36430.2,78.2,68.8,113.7,정상
경북,칠곡군,33,10637,1402.9,10539.56,84.6,82.8,102.2,정상
경북,예천군,45,6854.4,1137.97,9237.58,82.2,73.3,112.1,정상
경북,봉화군,6,6566,941.6,12391.89,78.7,57,138.1,정상
경북,울진군,7,11247,691.9,6600.1,84.5,73.2,115.4,정상
경북,울릉군,0,0,0,0,0,0,100,정상
경남,창원시,15,13191,2740.7,15876.6,56.6,63.9,88.6,정상
경남,진주시,39,6576.3,2004.2,18913.6,66.3,72.2,91.8,정상
경남,통영시,3,752,162,737.2,73.5,81.4,90.3,정상
경남,사천시,69,12364,2503.1,20878.4,71,77.1,92.1,정상
경남,김해시,6,802,241.8,2290.7,58.2,59.6,97.7,정상
경남,밀양시,39,13223,3000.6,16249.3,61.6,74.2,83,정상
경남,거제시,7,3665,583,2353.1,72.2,79.4,90.9,정상
경남,양산시,3,1553,340.55,970.1,85.3,87,98,정상
경남,의령군,40,8992.3,2034.8,16942.8,79.9,77.3,103.4,정상
경남,함안군,16,5474.3,1319.4,6083.3,80.8,69.5,116.3,정상
경남,창녕군,47,15644.5,2139.6,12318.5,60.5,71.2,85,정상
경남,고성군,36,10576,2945.3,19384.5,66.8,76.2,87.7,정상
경남,남해군,49,5561.6,1570.39,10202.3,73.5,76.2,96.5,정상
경남,하동군,22,11979.1,4402.33,41073.4,67.6,69,98,정상
경남,산청군,37,18078.1,2084.7,19851.39,86.6,82.5,105,정상
경남,함양군,13,9760,1886.4,13498.7,77.1,62.7,123,정상
경남,거창군,43,11986,3194.5,21403.5,79.2,67.9,116.6,정상
경남,합천군,85,11028,2523.4,20054.3,73,73.6,99.2,정상
제주,제주시,8,4581,1778.4,2469,18.5,51.4,36,심각
제주,서귀포시,2,9941.5,2697,1348,47.8,52.3,91.4,정상
강원,춘천시,7,5403,838,8450,91.1,71.8,126.9,정상
강원,원주시,15,17370.6,1565.3,11823.1,99.3,81.6,121.7,정상
강원,강릉시,11,24510,2431,26876.9,94.8,82.3,115.2,정상
강원,동해시,0,0,0,0,0,0,100,정상
강원,태백시,0,0,0,0,0,0,100,정상
강원,속초시,1,134.5,0,6.5,85.1,26.9,316.4,정상
강원,삼척시,3,2715,178.8,1330.7,99.1,90.9,109,정상
강원,홍천군,15,8844.9,1184.5,10877.8,83.2,80.2,103.7,정상
강원,횡성군,6,2982,488.1,3452,99.9,89.7,111.4,정상
강원,영월군,0,0,0,0,0,0,100,정상
강원,평창군,2,2610,272.5,1138,94.3,94.5,99.8,정상
강원,정선군,0,0,0,0,0,0,100,정상
강원,철원군,9,15867,4404.6,35067,76.6,86.8,88.2,정상
강원,화천군,0,0,0,0,0,0,100,정상
강원,양구군,2,1600,294,2160,80.4,91.4,88,정상
강원,인제군,0,0,0,0,0,0,100,정상
강원,고성군,6,7918.6,1765.6,12497.6,87.6,81.5,107.5,정상
강원,양양군,2,2358,452.7,2941,100,87.2,114.7,정상
