"시도","시군","시설개수","유역면적(ha)","수혜면적(ha)","유효저수량(ha)","저수율","평년","대비","단계"
"서울","서울시","0","0","0","0","0","0","100","정상"
"부산","부산(군제외)","0","0","0","0","0","0","100","정상"
"부산","기장군","5","1489","236","828.2","69.1","89.6","77.1","정상"
"대구","대구(군제외)","13","21243","221","6522","85.1","74.2","114.7","정상"
"대구","달성군","9","13107","1301","15084","96.4","68.4","140.9","정상"
"인천","인천(군제외)","0","0","0","0","0","0","100","정상"
"인천","강화군","17","13363","5839","29263","87.8","82.3","106.7","정상"
"인천","옹진군","0","0","0","0","0","0","100","정상"
"광주","광주(군제외)","52","4637","254","6084","94","65","144.6","정상"
"대전","대전(군제외)","3","3514","314","4833","96.3","87.5","110.1","정상"
"울산","울산(군제외)","7","1308","359","1867","99.3","75.4","131.7","정상"
"울산","울주군","77","9337","2216","11522","92.9","77.3","120.2","정상"
"세종","세종시","1","1620","477","4868","67.6","75.8","89.2","정상"
"경기","수원시","1","277","0","299","100","89.6","111.6","정상"
"경기","성남시","2","2700","51","1345","89.9","85.3","105.4","정상"
"경기","의정부시","0","0","0","0","0","0","100","정상"
"경기","안양시","0","0","0","0","0","0","100","정상"
"경기","부천시","0","0","0","0","0","0","100","정상"
"경기","광명시","0","0","0","0","0","0","100","정상"
"경기","평택시","5","732","106","467","98.1","79.1","124","정상"
"경기","동두천시","0","0","0","0","0","0","100","정상"
"경기","안산시","0","0","0","0","0","0","100","정상"
"경기","고양시","0","0","0","0","0","0","100","정상"
"경기","과천시","1","790","100","1093","99.1","97.3","101.8","정상"
"경기","구리시","0","0","0","0","0","0","100","정상"
"경기","남양주시","1","1552","276","2435","99","84.2","117.6","정상"
"경기","오산시","1","410","190","482.8","100","91.1","109.8","정상"
"경기","시흥시","5","2200","1017","2715","99.8","93.1","107.2","정상"
"경기","군포시","1","1220","365","1166","100","97","103.1","정상"
"경기","의왕시","2","2575","540","3456","79.2","80.2","98.8","정상"
"경기","하남시","0","0","0","0","0","0","100","정상"
"경기","용인시","6","17165","3768","36133","70.7","82.1","86.1","정상"
"경기","파주시","6","7206","1140","8268","100","88.1","113.5","정상"
"경기","이천시","4","1488","594","1864","97.3","91.6","106.2","정상"
"경기","안성시","18","18577","7440","46786","80.5","80.9","99.5","정상"
"경기","김포시","1","86","20","74","70.5","82.1","85.9","정상"
"경기","화성시","8","6159","2027","9968","95.9","80.2","119.6","정상"
"경기","광주시","2","1690","276","1183","99.3","95.6","103.9","정상"
"경기","양주시","6","1870","877","5705","100","80.9","123.6","정상"
"경기","포천시","12","6016","1419","8171","98.3","84.7","116.1","정상"
"경기","여주시","5","1650","434","4474","87.3","69.2","126.2","정상"
"경기","연천군","2","1072","136","1748","100","91.1","109.8","정상"
"경기","가평군","0","0","0","0","0","0","100","정상"
"경기","양평군","6","3398","477","2273","98.4","75.9","129.6","정상"
"강원","춘천시","7","5403","838","8450","72.4","70.8","102.3","정상"
"강원","원주시","16","18703","1565","11845","94.5","77.5","121.9","정상"
"강원","강릉시","11","26163","2431","25255","89.5","82.5","108.5","정상"
"강원","동해시","0","0","0","0","0","0","100","정상"
"강원","태백시","0","0","0","0","0","0","100","정상"
"강원","속초시","1","134","0","6.5","100","90.9","110","정상"
"강원","삼척시","3","2615","178","1331","100","90.5","110.5","정상"
"강원","홍천군","15","8917","1184","10878","98.4","76.9","128","정상"
"강원","횡성군","6","2982","488","3452","95.9","84.8","113.1","정상"
"강원","영월군","0","0","0","0","0","0","100","정상"
"강원","평창군","2","2610","272","1138","99.5","93.5","106.4","정상"
"강원","정선군","0","0","0","0","0","0","100","정상"
"강원","철원군","8","15347","4115","33386","86.8","84.2","103.1","정상"
"강원","화천군","0","0","0","0","0","0","100","정상"
"강원","양구군","2","1600","294","2160","99.2","92.4","107.4","정상"
"강원","인제군","0","0","0","0","0","0","100","정상"
"강원","고성군","5","6695","1590","11228","95.9","78.8","121.7","정상"
"강원","양양군","2","2358","452","2941","100","86.6","115.5","정상"
"충북","청주시","16","7979","2278","14126","90.3","82.4","109.6","정상"
"충북","충주시","20","10987","2991","22001","78.3","76.5","102.4","정상"
"충북","제천시","16","7544","914","5259","97.3","93","104.6","정상"
"충북","보은군","17","11802","3212","26867","77.8","59.2","131.4","정상"
"충북","옥천군","27","8975","1831","13152","94.7","80.4","117.8","정상"
"충북","영동군","18","8054","1148","8351","95","73.4","129.4","정상"
"충북","증평군","6","1368","476","3116","89.3","48.8","183","정상"
"충북","진천군","12","29532","7017","54058","84.4","76.4","110.5","정상"
"충북","괴산군","19","7401","2186","14644","96.5","80.6","119.7","정상"
"충북","음성군","30","11563","4087","31453","73.9","81.4","90.8","정상"
"충북","단양군","1","220","54","209","100","94.9","105.4","정상"
"충남","천안시","20","8281","2323","11580","96.4","80.3","120","정상"
"충남","공주시","12","7962","2272","19350","90.2","67.9","132.8","정상"
"충남","보령시","30","13115","4375","30029","88.7","79.6","111.4","정상"
"충남","아산시","18","15448","4906","25788","96","83.6","114.8","정상"
"충남","서산시","16","12460","4801","28670","94.5","79.8","118.4","정상"
"충남","논산시","26","24564","6407","38123","90.2","77.5","116.4","정상"
"충남","계룡시","0","0","0","0","0","0","100","정상"
"충남","당진시","10","6222","1088","5582","93.9","81.7","114.9","정상"
"충남","금산군","9","3442","685","5557","94.3","68.5","137.7","정상"
"충남","부여군","10","7876","3260","20966","91.8","72.1","127.3","정상"
"충남","서천군","7","9262","5336","25398","88.1","78.3","112.5","정상"
"충남","청양군","27","8139","3331","23409","91.9","74.1","124","정상"
"충남","홍성군","9","7372","1802","10429","88.4","77","114.8","정상"
"충남","예산군","13","42751","8659","59874","94.6","81.9","115.5","정상"
"충남","태안군","18","4773","1695","8995","92.8","87.7","105.8","정상"
"전북","전주시","6","12716","822","3860","78","69.4","112.4","정상"
"전북","군산시","25","2117","4682","24288","66","70.3","93.9","정상"
"전북","익산시","27","4490","1806","6802","99.8","79.7","125.2","정상"
"전북","정읍시","28","8901","2924","27426","93.2","62.1","150.1","정상"
"전북","남원시","76","8406","2195","15841","87.1","68.8","126.6","정상"
"전북","김제시","22","6177","2066","21027","87.8","66.1","132.8","정상"
"전북","완주군","39","42692","20305","114091","70.6","56.1","125.8","정상"
"전북","진안군","24","6951","1109","13562","86.6","48.1","180","정상"
"전북","무주군","9","8140","1125","9146","89.7","57.2","156.8","정상"
"전북","장수군","34","20060","6449","66897","66.9","61.1","109.5","정상"
"전북","임실군","34","84870","32512","271569","99.9","79.1","126.3","정상"
"전북","순창군","35","16875","2608","14204","86","70","122.9","정상"
"전북","고창군","37","20589","9034","42752","82.8","71.3","116.1","정상"
"전북","부안군","21","5093","5254","29662","70.7","69.5","101.7","정상"
"전남","목포시","0","0","0","0","0","0","100","정상"
"전남","여수시","18","4248","1239","6087","93.5","76.6","122.1","정상"
"전남","순천시","20","5610","1586","7329","89.2","76.6","116.4","정상"
"전남","나주시","162","25746","9589","123923","77.9","54","144.3","정상"
"전남","광양시","10","6248","1382","6357","84.9","81.9","103.7","정상"
"전남","담양군","47","17382","10353","98417","62.7","59.5","105.4","정상"
"전남","곡성군","47","9881","2828","15309","93.4","63.8","146.4","정상"
"전남","구례군","49","29202","2802","15486","90.2","70.2","128.5","정상"
"전남","고흥군","46","15068","4095","23392","89.6","70.4","127.3","정상"
"전남","보성군","27","8408","3240","24066","90.6","78.2","115.9","정상"
"전남","화순군","41","15844","4101","28526","89.7","61.9","144.9","정상"
"전남","장흥군","34","10815","3492","22932","90","64.5","139.5","정상"
"전남","강진군","29","12089","4212","31985","97.8","62.8","155.7","정상"
"전남","해남군","79","16208","5977","36264","87.9","63.1","139.3","정상"
"전남","영암군","139","14977","2171","23079","86.9","64.3","135.1","정상"
"전남","무안군","50","5841","802","8208","80","68.4","117","정상"
"전남","함평군","36","11245","1891","16095","92.4","60.2","153.5","정상"
"전남","영광군","41","11390","5309","26775","85.3","61.1","139.6","정상"
"전남","장성군","50","25066","12563","123718","79.8","58.1","137.3","정상"
"전남","완도군","9","2294","517","3280","87.8","67.1","130.8","정상"
"전남","진도군","34","7638","2322","13743","89.7","67.4","133.1","정상"
"전남","신안군","29","3741","1057","6960","83.9","73.6","114","정상"
"경북","포항시","57","37604","5776","41735","85.4","73.9","115.6","정상"
"경북","경주시","76","44070","7786","69277","89.4","66.8","133.8","정상"
"경북","김천시","8","4996","1064","6708","98.5","83.8","117.5","정상"
"경북","안동시","17","4787","951","7827","95.4","64.6","147.7","정상"
"경북","구미시","23","9429","2000","15534","91.4","75.8","120.6","정상"
"경북","영주시","7","9530","2194","14771","93.6","76.2","122.8","정상"
"경북","영천시","92","17731","2009","20450","86.2","72.8","118.4","정상"
"경북","상주시","26","25974","4188","29012","84.7","72","117.6","정상"
"경북","문경시","15","17018","4893","35581","88.7","80.7","109.9","정상"
"경북","경산시","25","18144","1614","17395","82.4","68","121.2","정상"
"경북","군위군","19","3975","626","3611","91.5","79.8","114.7","정상"
"경북","의성군","52","13290","2971","25838","82.8","54.5","151.9","정상"
"경북","청송군","38","15686","1113","13621","77.4","60.1","128.8","정상"
"경북","영양군","25","4729","958","7778","89.9","87.4","102.9","정상"
"경북","영덕군","27","13624","2805","20123","96.8","68.8","140.7","정상"
"경북","청도군","19","5905","1339","8913","94.5","74.7","126.5","정상"
"경북","고령군","37","5755","951","8403","91.4","55.1","165.9","정상"
"경북","성주군","7","19487","4058","36518","75.5","65.2","115.8","정상"
"경북","칠곡군","33","10637","1451","10540","88.2","79.5","110.9","정상"
"경북","예천군","43","6817","1188","9012","94.3","70.4","133.9","정상"
"경북","봉화군","5","6166","817","11926","89.3","45.8","195","정상"
"경북","울진군","6","10167","501","5012","84","63.6","132.1","정상"
"경북","울릉군","0","0","0","0","0","0","100","정상"
"경남","창원시","15","13191","2740","15877","76.5","60.8","125.8","정상"
"경남","진주시","38","6386","1899","17867","93","64.2","144.9","정상"
"경남","통영시","3","752","162","737.2","93.7","77.4","121.1","정상"
"경남","사천시","69","12384","2451","20324","89.2","82.5","108.1","정상"
"경남","김해시","6","802","241","2291","100","51.1","195.7","정상"
"경남","밀양시","38","12853","2762","14527","95","69.2","137.3","정상"
"경남","거제시","7","3665","583","2207","96.5","83.3","115.8","정상"
"경남","양산시","3","1553","340","970.1","100","89.3","112","정상"
"경남","의령군","39","8120","1749","15111","96.1","71.5","134.4","정상"
"경남","함안군","16","5474","1319","6083","96.9","63.7","152.1","정상"
"경남","창녕군","47","15644","2139","12318","78.6","69.5","113.1","정상"
"경남","고성군","36","10576","2945","19385","90.7","71.5","126.9","정상"
"경남","남해군","48","5461","1508","9855","93.8","72.4","129.6","정상"
"경남","하동군","22","11979","4481","41176","80.2","66","121.5","정상"
"경남","산청군","35","16124","1662","17952","90.1","85.6","105.3","정상"
"경남","함양군","13","9760","1886","13512","98.2","56.4","174.1","정상"
"경남","거창군","43","11986","3194","21511","85.8","67","128.1","정상"
"경남","합천군","81","9483","1922","16276","89.4","69.5","128.6","정상"
"제주","제주시","6","107378","600","1606","77.3","56.9","135.9","정상"
"제주","서귀포시","1","9937","400","1050","82.3","81","101.6","정상"
