target_sigungu,target_final_water_risk_score,target_final_water_risk_level,target_main_risk_driver,candidate_rank,candidate_reservoir_name,candidate_sigungu,address,distance_km,candidate_reservoir_rate,benefit_area,effective_capacity,distance_score,reservoir_surplus_score,benefit_area_score,candidate_score,recommendation_reason
당진시,41.018313990061024,주의,대체 수원 접근성 부족도,1,예당(대흥),예산군,충청남도 예산군 응봉면 입침리,30.549458589596426,90.82307692307693,6971.4,46070.0,74.54211784200298,81.64615384615385,100.0,83.39300098295504,중거리 / 저수율 여유 높음 / 수혜면적 정보 보유
당진시,41.018313990061024,주의,대체 수원 접근성 부족도,2,궁평,아산시,충청남도 아산시 송악면 궁평리,35.25513230007284,95.98333333333332,1108.0,6717.0,70.62072308327264,91.96666666666664,15.893507760277705,64.40999950671181,중거리 / 저수율 여유 높음 / 수혜면적 정보 보유
당진시,41.018313990061024,주의,대체 수원 접근성 부족도,3,도고,아산시,충청남도 아산시 도고면 석당리,35.25513230007284,95.98333333333332,841.0,4278.0,70.62072308327264,91.96666666666664,12.063574031041112,63.45251607440266,중거리 / 저수율 여유 높음 / 수혜면적 정보 보유
당진시,41.018313990061024,주의,대체 수원 접근성 부족도,4,가혜,아산시,충청남도 아산시 염치읍 동정리,35.25513230007284,95.98333333333332,593.0,3494.0,70.62072308327264,91.96666666666664,8.506182402386896,62.563168167239105,중거리 / 저수율 여유 높음 / 수혜면적 정보 보유
당진시,41.018313990061024,주의,대체 수원 접근성 부족도,5,탑정,논산시,충청남도 논산시 가야곡면 종연리,89.04690523201485,94.66,5713.3,34940.0,25.794245639987622,89.32,81.9534096451215,62.06805066727542,저수율 여유 높음 / 수혜면적 정보 보유
부여군,33.85620851433136,낮음,관정 의존도,1,탑정,논산시,충청남도 논산시 가야곡면 종연리,19.593664935652438,94.66,5713.3,34940.0,83.67194588695631,89.32,81.9534096451215,85.21913076606289,근거리 / 저수율 여유 높음 / 수혜면적 정보 보유
부여군,33.85620851433136,낮음,관정 의존도,2,예당(대흥),예산군,충청남도 예산군 응봉면 입침리,45.60479066845684,90.82307692307693,6971.4,46070.0,61.996007776285964,81.64615384615385,100.0,78.37455695666823,중거리 / 저수율 여유 높음 / 수혜면적 정보 보유
부여군,33.85620851433136,낮음,관정 의존도,3,덕용,부여군,충청남도 부여군 양화면 송정리,0.0,90.6,1071.0,5661.0,100.0,81.19999999999999,15.362767880196232,72.26069197004905,근거리 / 저수율 여유 높음 / 수혜면적 정보 보유
부여군,33.85620851433136,낮음,관정 의존도,4,동부,서천군,충청남도 서천군 시초면 봉선리,29.279129871420494,97.0375,2477.0,10734.0,75.60072510714959,94.07499999999999,35.530883323292315,72.04926087368291,중거리 / 저수율 여유 높음 / 수혜면적 정보 보유
부여군,33.85620851433136,낮음,관정 의존도,5,반산,부여군,충청남도 부여군 규암면 합송리,0.0,90.6,765.1,5652.0,100.0,81.19999999999999,10.974840060819922,71.16371001520497,근거리 / 저수율 여유 높음 / 수혜면적 정보 보유
서산시,33.59612856571879,낮음,대체 수원 접근성 부족도,1,예당(대흥),예산군,충청남도 예산군 응봉면 입침리,37.291032643523266,90.82307692307693,6971.4,46070.0,68.92413946373061,81.64615384615385,100.0,81.14580963164609,중거리 / 저수율 여유 높음 / 수혜면적 정보 보유
서산시,33.59612856571879,낮음,대체 수원 접근성 부족도,2,모항,태안군,충청남도 태안군 소원면 모항리,14.252968772235493,90.94736842105264,381.0,973.0,88.12252602313708,81.89473684210529,5.465186332730872,65.27846488717441,근거리 / 저수율 여유 높음 / 수혜면적 정보 보유
서산시,33.59612856571879,낮음,대체 수원 접근성 부족도,3,대야,태안군,충청남도 태안군 안면읍 중장리,14.252968772235493,90.94736842105264,293.0,1884.0,88.12252602313708,81.89473684210529,4.202886077401956,64.96288982334218,근거리 / 저수율 여유 높음 / 수혜면적 정보 보유
서산시,33.59612856571879,낮음,대체 수원 접근성 부족도,4,수룡,태안군,충청남도 태안군 근흥면 수룡리,14.252968772235493,90.94736842105264,269.0,1285.0,88.12252602313708,81.89473684210529,3.8586223714031616,64.87682389684248,근거리 / 저수율 여유 높음 / 수혜면적 정보 보유
서산시,33.59612856571879,낮음,대체 수원 접근성 부족도,5,인평,태안군,충청남도 태안군 태안읍 인평리,14.252968772235493,90.94736842105264,203.0,891.0,88.12252602313708,81.89473684210529,2.9118971799064752,64.64014259896831,근거리 / 저수율 여유 높음 / 수혜면적 정보 보유
논산시,30.908296511411507,낮음,관정 의존도,1,탑정,논산시,충청남도 논산시 가야곡면 종연리,0.0,94.66,5713.3,34940.0,100.0,89.32,81.9534096451215,91.75035241128037,근거리 / 저수율 여유 높음 / 수혜면적 정보 보유
논산시,30.908296511411507,낮음,관정 의존도,2,예당(대흥),예산군,충청남도 예산군 응봉면 입침리,59.47707930601713,90.82307692307693,6971.4,46070.0,50.435767244985726,81.64615384615385,100.0,73.75046074414814,저수율 여유 높음 / 수혜면적 정보 보유
논산시,30.908296511411507,낮음,관정 의존도,3,가곡,논산시,충청남도 논산시 노성면 병사리,0.0,94.66,208.0,695.0,100.0,89.32,2.9836187853228906,72.00790469633073,근거리 / 저수율 여유 높음 / 수혜면적 정보 보유
논산시,30.908296511411507,낮음,관정 의존도,4,수락,논산시,충청남도 논산시 벌곡면 수락리,0.0,94.66,192.0,856.31,100.0,89.32,2.7541096479903606,71.95052741199758,근거리 / 저수율 여유 높음 / 수혜면적 정보 보유
논산시,30.908296511411507,낮음,관정 의존도,5,고내,논산시,충청남도 논산시 연무읍 고내리,0.0,94.66,77.0,230.21,100.0,89.32,1.104512723412801,71.5381281808532,근거리 / 저수율 여유 높음 / 수혜면적 정보 보유
보령시,28.65925899931384,낮음,대체 수원 접근성 부족도,1,예당(대흥),예산군,충청남도 예산군 응봉면 입침리,44.21211298729547,90.82307692307693,6971.4,46070.0,63.15657251058711,81.64615384615385,100.0,78.8387828503887,중거리 / 저수율 여유 높음 / 수혜면적 정보 보유
보령시,28.65925899931384,낮음,대체 수원 접근성 부족도,2,탑정,논산시,충청남도 논산시 가야곡면 종연리,46.50426696815137,94.66,5713.3,34940.0,61.24644419320719,89.32,81.9534096451215,76.24893008856324,중거리 / 저수율 여유 높음 / 수혜면적 정보 보유
보령시,28.65925899931384,낮음,대체 수원 접근성 부족도,3,청천,보령시,충청남도 보령시 죽정동,0.0,87.13333333333334,2638.0,20753.1,100.0,74.26666666666668,37.8403190177009,75.45341308775856,근거리 / 저수율 여유 높음 / 수혜면적 정보 보유
보령시,28.65925899931384,낮음,대체 수원 접근성 부족도,4,동부,서천군,충청남도 서천군 시초면 봉선리,29.004839756437068,97.0375,2477.0,10734.0,75.82930020296911,94.07499999999999,35.530883323292315,72.14069091201071,중거리 / 저수율 여유 높음 / 수혜면적 정보 보유
보령시,28.65925899931384,낮음,대체 수원 접근성 부족도,5,칠갑,청양군,충청남도 청양군 대치면 광대리,21.985242908582705,98.66428571428573,682.0,4760.0,81.67896424284774,97.32857142857145,9.782826978799095,69.18229244183888,중거리 / 저수율 여유 높음 / 수혜면적 정보 보유
홍성군,27.77767670795009,낮음,대체 수원 접근성 부족도,1,예당(대흥),예산군,충청남도 예산군 응봉면 입침리,19.07288899473077,90.82307692307693,6971.4,46070.0,84.10592583772436,81.64615384615385,100.0,87.2185241812436,근거리 / 저수율 여유 높음 / 수혜면적 정보 보유
홍성군,27.77767670795009,낮음,대체 수원 접근성 부족도,2,탑정,논산시,충청남도 논산시 가야곡면 종연리,60.477029363892456,94.66,5713.3,34940.0,49.60247553008962,89.32,81.9534096451215,71.59134262331622,저수율 여유 높음 / 수혜면적 정보 보유
홍성군,27.77767670795009,낮음,대체 수원 접근성 부족도,3,칠갑,청양군,충청남도 청양군 대치면 광대리,20.236368977453633,98.66428571428573,682.0,4760.0,83.1363591854553,97.32857142857145,9.782826978799095,69.7652504188819,중거리 / 저수율 여유 높음 / 수혜면적 정보 보유
홍성군,27.77767670795009,낮음,대체 수원 접근성 부족도,4,천장,청양군,충청남도 청양군 정산면 천장리,20.236368977453633,98.66428571428573,551.0,2878.0,83.1363591854553,97.32857142857145,7.903720916889004,69.29547390340439,중거리 / 저수율 여유 높음 / 수혜면적 정보 보유
홍성군,27.77767670795009,낮음,대체 수원 접근성 부족도,5,도림,청양군,충청남도 청양군 장평면 적곡리,20.236368977453633,98.66428571428573,482.0,3776.0,83.1363591854553,97.32857142857145,6.913962762142469,69.04803436471775,중거리 / 저수율 여유 높음 / 수혜면적 정보 보유
공주시,27.63335036807564,낮음,관정 의존도,1,탑정,논산시,충청남도 논산시 가야곡면 종연리,28.901250134225005,94.66,5713.3,34940.0,75.91562488814583,89.32,81.9534096451215,82.1166023665387,중거리 / 저수율 여유 높음 / 수혜면적 정보 보유
공주시,27.63335036807564,낮음,관정 의존도,2,예당(대흥),예산군,충청남도 예산군 응봉면 입침리,35.669242851325535,90.82307692307693,6971.4,46070.0,70.27563095722871,81.64615384615385,100.0,81.68640622904533,중거리 / 저수율 여유 높음 / 수혜면적 정보 보유
공주시,27.63335036807564,낮음,관정 의존도,3,계룡,공주시,충청남도 공주시 계룡면 하대리,0.0,89.50833333333333,450.2,4717.1,100.0,79.01666666666665,6.457813351694064,69.27028667125686,근거리 / 저수율 여유 높음 / 수혜면적 정보 보유
공주시,27.63335036807564,낮음,관정 의존도,4,우목,공주시,충청남도 공주시 우성면 용봉리,0.0,89.50833333333333,321.3,1430.1,100.0,79.01666666666665,4.6088303640588695,68.80804092434805,근거리 / 저수율 여유 높음 / 수혜면적 정보 보유
공주시,27.63335036807564,낮음,관정 의존도,5,경천(양화),공주시,충청남도 공주시 계룡면 양화리,0.0,89.50833333333333,297.0,2028.0,100.0,79.01666666666665,4.260263361735089,68.72089917376711,근거리 / 저수율 여유 높음 / 수혜면적 정보 보유
예산군,25.918204251683136,낮음,대체 수원 접근성 부족도,1,예당(대흥),예산군,충청남도 예산군 응봉면 입침리,0.0,90.82307692307693,6971.4,46070.0,100.0,81.64615384615385,100.0,93.57615384615384,근거리 / 저수율 여유 높음 / 수혜면적 정보 보유
예산군,25.918204251683136,낮음,대체 수원 접근성 부족도,2,탑정,논산시,충청남도 논산시 가야곡면 종연리,59.47707930601713,94.66,5713.3,34940.0,50.435767244985726,89.32,81.9534096451215,71.92465930927466,저수율 여유 높음 / 수혜면적 정보 보유
예산군,25.918204251683136,낮음,대체 수원 접근성 부족도,3,궁평,아산시,충청남도 아산시 송악면 궁평리,18.14249787326767,95.98333333333332,1108.0,6717.0,84.88125177227694,91.96666666666664,15.893507760277705,70.11421098231354,근거리 / 저수율 여유 높음 / 수혜면적 정보 보유
예산군,25.918204251683136,낮음,대체 수원 접근성 부족도,4,옥계,예산군,충청남도 예산군 덕산면 옥계리,0.0,90.82307692307693,297.0,3014.0,100.0,81.64615384615385,4.260263361735089,69.64121968658762,근거리 / 저수율 여유 높음 / 수혜면적 정보 보유
예산군,25.918204251683136,낮음,대체 수원 접근성 부족도,5,방산,예산군,충청남도 예산군 대술면 상항리,0.0,90.82307692307693,266.0,2054.0,100.0,81.64615384615385,3.815589408153312,69.53005119819217,근거리 / 저수율 여유 높음 / 수혜면적 정보 보유
서천군,25.707339741641896,낮음,대체 수원 접근성 부족도,1,동부,서천군,충청남도 서천군 시초면 봉선리,0.0,97.0375,2477.0,10734.0,100.0,94.07499999999999,35.530883323292315,81.80897083082307,근거리 / 저수율 여유 높음 / 수혜면적 정보 보유
서천군,25.707339741641896,낮음,대체 수원 접근성 부족도,2,탑정,논산시,충청남도 논산시 가야곡면 종연리,38.491560785535114,94.66,5713.3,34940.0,67.9236993453874,89.32,81.9534096451215,78.91983214943534,중거리 / 저수율 여유 높음 / 수혜면적 정보 보유
서천군,25.707339741641896,낮음,대체 수원 접근성 부족도,3,서부,서천군,충청남도 서천군 판교면 흥림리,0.0,97.0375,1627.0,7989.0,100.0,94.07499999999999,23.338210402501648,78.76080260062541,근거리 / 저수율 여유 높음 / 수혜면적 정보 보유
서천군,25.707339741641896,낮음,대체 수원 접근성 부족도,4,종천,서천군,충청남도 서천군 종천면 신검리,0.0,97.0375,385.0,3353.14,100.0,94.07499999999999,5.522563617064004,74.306890904266,근거리 / 저수율 여유 높음 / 수혜면적 정보 보유
서천군,25.707339741641896,낮음,대체 수원 접근성 부족도,5,축동,서천군,충청남도 서천군 한산면 축동리,0.0,97.0375,370.0,1491.0,100.0,94.07499999999999,5.307398800814758,74.25309970020369,근거리 / 저수율 여유 높음 / 수혜면적 정보 보유
아산시,25.42061510730572,낮음,대체 수원 접근성 부족도,1,예당(대흥),예산군,충청남도 예산군 응봉면 입침리,18.14249787326767,90.82307692307693,6971.4,46070.0,84.88125177227694,81.64615384615385,100.0,87.52865455506462,근거리 / 저수율 여유 높음 / 수혜면적 정보 보유
아산시,25.42061510730572,낮음,대체 수원 접근성 부족도,2,궁평,아산시,충청남도 아산시 송악면 궁평리,0.0,95.98333333333332,1108.0,6717.0,100.0,91.96666666666664,15.893507760277705,76.16171027340276,근거리 / 저수율 여유 높음 / 수혜면적 정보 보유
아산시,25.42061510730572,낮음,대체 수원 접근성 부족도,3,도고,아산시,충청남도 아산시 도고면 석당리,0.0,95.98333333333332,841.0,4278.0,100.0,91.96666666666664,12.063574031041112,75.20422684109361,근거리 / 저수율 여유 높음 / 수혜면적 정보 보유
아산시,25.42061510730572,낮음,대체 수원 접근성 부족도,4,가혜,아산시,충청남도 아산시 염치읍 동정리,0.0,95.98333333333332,593.0,3494.0,100.0,91.96666666666664,8.506182402386896,74.31487893393006,근거리 / 저수율 여유 높음 / 수혜면적 정보 보유
아산시,25.42061510730572,낮음,대체 수원 접근성 부족도,5,봉재,아산시,충청남도 아산시 둔포면 봉재리,0.0,95.98333333333332,389.0,1338.0,100.0,91.96666666666664,5.579940901397137,73.58331855868262,근거리 / 저수율 여유 높음 / 수혜면적 정보 보유
계룡시,25.10829933716836,낮음,대체 수원 접근성 부족도,1,탑정,논산시,충청남도 논산시 가야곡면 종연리,16.59631780202294,94.66,5713.3,34940.0,86.16973516498088,89.32,81.9534096451215,86.21824647727273,근거리 / 저수율 여유 높음 / 수혜면적 정보 보유
계룡시,25.10829933716836,낮음,대체 수원 접근성 부족도,2,예당(대흥),예산군,충청남도 예산군 응봉면 입침리,57.769744203706395,90.82307692307693,6971.4,46070.0,51.85854649691134,81.64615384615385,100.0,74.31957244491838,저수율 여유 높음 / 수혜면적 정보 보유
계룡시,25.10829933716836,낮음,대체 수원 접근성 부족도,3,가곡,논산시,충청남도 논산시 노성면 병사리,16.59631780202294,94.66,208.0,695.0,86.16973516498088,89.32,2.9836187853228906,66.47579876232308,근거리 / 저수율 여유 높음 / 수혜면적 정보 보유
계룡시,25.10829933716836,낮음,대체 수원 접근성 부족도,4,수락,논산시,충청남도 논산시 벌곡면 수락리,16.59631780202294,94.66,192.0,856.31,86.16973516498088,89.32,2.7541096479903606,66.41842147798994,근거리 / 저수율 여유 높음 / 수혜면적 정보 보유
계룡시,25.10829933716836,낮음,대체 수원 접근성 부족도,5,고내,논산시,충청남도 논산시 연무읍 고내리,16.59631780202294,94.66,77.0,230.21,86.16973516498088,89.32,1.104512723412801,66.00602224684556,근거리 / 저수율 여유 높음 / 수혜면적 정보 보유
태안군,23.799270173711136,낮음,대체 수원 접근성 부족도,1,예당(대흥),예산군,충청남도 예산군 응봉면 입침리,49.599477189604954,90.82307692307693,6971.4,46070.0,58.66710234199587,81.64615384615385,100.0,77.04299478295219,중거리 / 저수율 여유 높음 / 수혜면적 정보 보유
태안군,23.799270173711136,낮음,대체 수원 접근성 부족도,2,모항,태안군,충청남도 태안군 소원면 모항리,0.0,90.94736842105264,381.0,973.0,100.0,81.89473684210529,5.465186332730872,70.02945447791957,근거리 / 저수율 여유 높음 / 수혜면적 정보 보유
태안군,23.799270173711136,낮음,대체 수원 접근성 부족도,3,대야,태안군,충청남도 태안군 안면읍 중장리,0.0,90.94736842105264,293.0,1884.0,100.0,81.89473684210529,4.202886077401956,69.71387941408734,근거리 / 저수율 여유 높음 / 수혜면적 정보 보유
태안군,23.799270173711136,낮음,대체 수원 접근성 부족도,4,수룡,태안군,충청남도 태안군 근흥면 수룡리,0.0,90.94736842105264,269.0,1285.0,100.0,81.89473684210529,3.8586223714031616,69.62781348758764,근거리 / 저수율 여유 높음 / 수혜면적 정보 보유
태안군,23.799270173711136,낮음,대체 수원 접근성 부족도,5,인평,태안군,충청남도 태안군 태안읍 인평리,0.0,90.94736842105264,203.0,891.0,100.0,81.89473684210529,2.9118971799064752,69.39113218971347,근거리 / 저수율 여유 높음 / 수혜면적 정보 보유
천안시,21.24106528869609,낮음,대체 수원 접근성 부족도,1,예당(대흥),예산군,충청남도 예산군 응봉면 입침리,27.818612968614637,90.82307692307693,6971.4,46070.0,76.81782252615447,81.64615384615385,100.0,84.30328285661564,중거리 / 저수율 여유 높음 / 수혜면적 정보 보유
천안시,21.24106528869609,낮음,대체 수원 접근성 부족도,2,궁평,아산시,충청남도 아산시 송악면 궁평리,10.301119141016184,95.98333333333332,1108.0,6717.0,91.41573404915317,91.96666666666664,15.893507760277705,72.72800389306403,근거리 / 저수율 여유 높음 / 수혜면적 정보 보유
천안시,21.24106528869609,낮음,대체 수원 접근성 부족도,3,도고,아산시,충청남도 아산시 도고면 석당리,10.301119141016184,95.98333333333332,841.0,4278.0,91.41573404915317,91.96666666666664,12.063574031041112,71.77052046075488,근거리 / 저수율 여유 높음 / 수혜면적 정보 보유
천안시,21.24106528869609,낮음,대체 수원 접근성 부족도,4,용연,천안시,충청남도 천안시 동남구 목천읍 서흥리,0.0,92.82,421.0,3050.0,100.0,85.63999999999999,6.038959176062198,71.48373979401553,근거리 / 저수율 여유 높음 / 수혜면적 정보 보유
천안시,21.24106528869609,낮음,대체 수원 접근성 부족도,5,입장,천안시,충청남도 천안시 서북구 입장면 기로리,0.0,92.82,352.0,622.0,100.0,85.63999999999999,5.049201021315661,71.2363002553289,근거리 / 저수율 여유 높음 / 수혜면적 정보 보유
청양군,19.21760867292617,낮음,대체 수원 접근성 부족도,1,예당(대흥),예산군,충청남도 예산군 응봉면 입침리,25.209047962497554,90.82307692307693,6971.4,46070.0,78.99246003125204,81.64615384615385,100.0,85.17313785865466,중거리 / 저수율 여유 높음 / 수혜면적 정보 보유
청양군,19.21760867292617,낮음,대체 수원 접근성 부족도,2,탑정,논산시,충청남도 논산시 가야곡면 종연리,40.25601853473259,94.66,5713.3,34940.0,66.45331788772285,89.32,81.9534096451215,78.33167956636952,중거리 / 저수율 여유 높음 / 수혜면적 정보 보유
청양군,19.21760867292617,낮음,대체 수원 접근성 부족도,3,칠갑,청양군,충청남도 청양군 대치면 광대리,0.0,98.66428571428573,682.0,4760.0,100.0,97.32857142857145,9.782826978799095,76.51070674469977,근거리 / 저수율 여유 높음 / 수혜면적 정보 보유
청양군,19.21760867292617,낮음,대체 수원 접근성 부족도,4,천장,청양군,충청남도 청양군 정산면 천장리,0.0,98.66428571428573,551.0,2878.0,100.0,97.32857142857145,7.903720916889004,76.04093022922225,근거리 / 저수율 여유 높음 / 수혜면적 정보 보유
청양군,19.21760867292617,낮음,대체 수원 접근성 부족도,5,도림,청양군,충청남도 청양군 장평면 적곡리,0.0,98.66428571428573,482.0,3776.0,100.0,97.32857142857145,6.913962762142469,75.79349069053562,근거리 / 저수율 여유 높음 / 수혜면적 정보 보유
금산군,19.204248734570253,낮음,대체 수원 접근성 부족도,1,탑정,논산시,충청남도 논산시 가야곡면 종연리,36.020315778187125,94.66,5713.3,34940.0,69.98307018484405,89.32,81.9534096451215,79.74358048521799,중거리 / 저수율 여유 높음 / 수혜면적 정보 보유
금산군,19.204248734570253,낮음,대체 수원 접근성 부족도,2,석동,금산군,충청남도 금산군 남이면 석동리,0.0,86.55555555555556,151.0,928.0,100.0,73.11111111111111,2.1659924835757525,66.13038700978282,근거리 / 저수율 여유 높음 / 수혜면적 정보 보유
금산군,19.204248734570253,낮음,대체 수원 접근성 부족도,3,동곡,금산군,충청남도 금산군 제원면 동곡리,0.0,86.55555555555556,124.0,826.0,100.0,73.11111111111111,1.778695814327108,66.03356284247067,근거리 / 저수율 여유 높음 / 수혜면적 정보 보유
금산군,19.204248734570253,낮음,대체 수원 접근성 부족도,4,숭암,금산군,충청남도 금산군 추부면 장대리,0.0,86.55555555555556,95.4,414.3,100.0,73.11111111111111,1.3684482313452107,65.93100094672519,근거리 / 저수율 여유 높음 / 수혜면적 정보 보유
금산군,19.204248734570253,낮음,대체 수원 접근성 부족도,5,화림,금산군,충청남도 금산군 금성면 상가리,0.0,86.55555555555556,95.3,389.68,100.0,73.11111111111111,1.367013799236882,65.9306423386981,근거리 / 저수율 여유 높음 / 수혜면적 정보 보유
